product_img,season,brand,product_name,price,estimated_delivery,highlights,composition,washing_instructions
https://cdn-images.farfetch-contents.com/16/07/19/45/16071945_31303830_1000.jpg, ,Maison Margiela,Replica low-top sneakers,,,"White Made from leather Branded footbeds Rubber soles Lace-up fastenings Logo patch tongues Round toes
Crafted in Italy ","Outer: Calf Leather 100%

Lining: Cotton 100%

Sole: Rubber 100%",Read Manufacturer Guidelines
https://cdn-images.farfetch-contents.com/27/47/28/01/27472801_57314027_1000.jpg, ,FEAR OF GOD ESSENTIALS,straight-leg jeans   ,,,light blue button fly fastening classic five pockets logo patch to the rear ,Cotton 100%,Hand Wash
https://cdn-images.farfetch-contents.com/27/47/65/27/27476527_57314075_1000.jpg,New Season,Golden Goose,Worn-White T-shirt,,,white logo print to the front crew neck short sleeves ,Cotton 100%,Machine Wash
https://cdn-images.farfetch-contents.com/24/21/16/49/24211649_54305503_1000.jpg, ,Golden Goose,crew-neck cotton T-shirt ,,,white cotton lightweight jersey crew neck short sleeves star stud detailing straight hem ,Cotton 100%,Machine Wash
https://cdn-images.farfetch-contents.com/27/83/52/71/27835271_57522084_1000.jpg,New Season,Golden Goose,slogan-print T-shirt,,,white crew neck short sleeves straight hem ,Cotton 100%,Read Manufacturer Guidelines
https://cdn-images.farfetch-contents.com/27/40/36/07/27403607_57350241_1000.jpg,New Season,Golden Goose,logo-print cotton T-shirt,,,grape purple crew neck short sleeves straight hem ,Cotton 100%,Machine Wash
https://cdn-images.farfetch-contents.com/27/59/07/30/27590730_57409946_1000.jpg,New Season,Iceberg,logo-embroidered T-shirt,,,white crew neck short sleeves straight hem ,Cotton 100%,Machine Wash
https://cdn-images.farfetch-contents.com/29/28/58/18/29285818_58498719_1000.jpg,New Season,Isaac Sellam Experience,Nouveau T-shirt,,,white logo plaque crew neck short sleeves ,Body: Organic Cotton 100%,Machine Wash
https://cdn-images.farfetch-contents.com/29/72/28/87/29722887_58979489_1000.jpg,New Season,Kired,cotton T-shirt,,,white crew neck short sleeves  ,Cotton 100%,Machine Wash
https://cdn-images.farfetch-contents.com/27/92/98/77/27929877_57672169_1000.jpg,New Season,CAFÉ KITSUNÉ,Barista Fox Patch Relaxed T-shirt,,,white crew neck short sleeves straight hem ,Cotton 100%,Machine Wash
https://cdn-images.farfetch-contents.com/29/44/30/74/29443074_58884096_1000.jpg,New Season,RANRA,pointelle-knit top,,,white crew neck short sleeves straight hem ,Cotton 100%,Machine Wash
https://cdn-images.farfetch-contents.com/23/16/90/87/23169087_53433251_1000.jpg, ,Random Identities,printed short-sleeve T-shirt ,,,white cotton geometric print appliqué detail crew neck short sleeves straight hem ,Cotton 100%,Read Manufacturer Guidelines
https://cdn-images.farfetch-contents.com/28/49/69/93/28496993_58796304_1000.jpg,New Season,FRAME,cotton T-shirt,,,white crew neck short sleeves straight hem ,Cotton 100%,Machine Wash
https://cdn-images.farfetch-contents.com/29/62/59/54/29625954_58826849_1000.jpg,New Season,Altea,Lewis T-shirt,,,white crew neck short sleeves ,Cotton 100%,Machine Wash
https://cdn-images.farfetch-contents.com/29/88/55/66/29885566_59028829_1000.jpg,New Season,ARTE,plaid jersey,,,midnight blue polo collar short sleeves straight hem ,"Cotton 89%, Polyester 11%",Machine Wash
https://cdn-images.farfetch-contents.com/29/88/25/92/29882592_58964658_1000.jpg,New Season,Myths,pleated-front trousers,,,navy blue front pleats button fastening side pockets rear welt pockets tailored design ,Fabric 100%,Read Manufacturer Guidelines
https://cdn-images.farfetch-contents.com/29/87/72/85/29877285_59036349_1000.jpg,New Season,Homme Plissé Issey Miyake,Release T-shirt,,,grey crew neck short sleeves straight hem  ,Cotton 100%,Read Manufacturer Guidelines
https://cdn-images.farfetch-contents.com/29/85/07/85/29850785_59019244_1000.jpg,New Season,Peacemaker Oamc,printed T-shirt,,,white logo print to the rear round neck double sleeves straight hem ,Cotton 100%,Read Manufacturer Guidelines
https://cdn-images.farfetch-contents.com/29/98/45/63/29984563_59008609_1000.jpg,New Season,Zegna,wool jacket ,,,sand beige front zip fastening two side slit pockets classic collar long sleeves ,"Outer: Polyester 100%

Lining: Wool 100%",Read Manufacturer Guidelines
https://cdn-images.farfetch-contents.com/29/98/37/43/29983743_59008430_1000.jpg,New Season,Zegna,wool jacket ,,,navy blue concealed front button fastening front flap pockets high neck long sleeves ,"Lining: Wool 100%, Polyester 100%

Outer: Polyester 100%",Dry Clean Only
https://cdn-images.farfetch-contents.com/29/98/15/94/29981594_59011139_1000.jpg,New Season,Stone Island,Compass-badge bermuda shorts,,,olive green elasticated waistband with internal drawstring two side inset pockets side cargo pocket two rear welt pockets ,"Cotton 98%, Elastane 2%",Read Manufacturer Guidelines
https://cdn-images.farfetch-contents.com/29/97/30/13/29973013_59008631_1000.jpg,New Season,Stone Island,Compass-badge military jacket,,,khaki front zip fastening two side zip-fastening pockets touch-strap cuffs concealed hood ,"Outer: Polyurethane Resin 100%, Flax 100%

Lining: Polyamide 88%, Elastane 12%",Machine Wash
https://cdn-images.farfetch-contents.com/29/97/30/10/29973010_59008733_1000.jpg,New Season,Fear Of God,cotton track pants,,,navy blue elasticated drawstring waistband logo patch to the front two side inset pockets long length ,"Outer: Virgin Wool 100%

Lining: Cotton 100%",Read Manufacturer Guidelines
https://cdn-images.farfetch-contents.com/29/95/56/59/29955659_59011722_1000.jpg,New Season,K-Way,Anthony jacket ,,,navy blue front zip fastening two side welt pockets drawstring hood ribbed cuffs and hem ,Fabric 100%,Read Manufacturer Guidelines
https://cdn-images.farfetch-contents.com/29/95/56/57/29955657_59009983_1000.jpg,New Season,Boglioli,single-breasted suit ,,,dark green front button fastening jetted chest pocket two front patch pockets buttoned cuffs ,"Cotton 63%, Linen/Flax 35%, Elastane 2%",Read Manufacturer Guidelines
https://cdn-images.farfetch-contents.com/29/95/47/95/29954795_59010830_1000.jpg,New Season,Cruna,Nizza T-shirt,,,midnight blue ribbed trim crew neck short sleeves ,Cotton 100%,Read Manufacturer Guidelines
https://cdn-images.farfetch-contents.com/29/95/13/33/29951333_59011603_1000.jpg,New Season,LEMAIRE,belted trousers,,,sand beige concealed front fastening two side slit pockets two rear patch pockets seam detailing ,Cotton 100%,Read Manufacturer Guidelines
https://cdn-images.farfetch-contents.com/29/94/94/81/29949481_58996936_1000.jpg,New Season,Zegna,linen Oasis jacket,,,brown front zip fastening high neck long sleeves slip pockets to the sides ,Linen/Flax 100%,Read Manufacturer Guidelines
https://cdn-images.farfetch-contents.com/29/94/94/58/29949458_58996778_1000.jpg,New Season,Zegna,v-neck polo shirt,,,black front button placket short sleeves straight hem ,"Cotton 70%, Cashmere 30%",Read Manufacturer Guidelines
https://cdn-images.farfetch-contents.com/29/94/54/06/29945406_59009263_1000.jpg,New Season,Willy Chavarria,America T-shirt,,,black graphic print to the front crew neck drop shoulder short sleeves ,Cotton 100%,Machine Wash
https://cdn-images.farfetch-contents.com/29/94/20/62/29942062_59009513_1000.jpg,New Season,Briglia 1949,Portobello trousers,,,dark grey concealed fly and button fastening two side slash pockets two rear welt pockets belt loops ,Virgin Wool 100%,Read Manufacturer Guidelines
https://cdn-images.farfetch-contents.com/29/94/19/82/29941982_59008203_1000.jpg,New Season,Moncler,drawstring trousers,,,navy blue elasticated drawstring waistband two side slit pockets rear zip-fastening pocket ankle zips ,"Cotton 98%, Elastane 2%",Read Manufacturer Guidelines
https://cdn-images.farfetch-contents.com/29/94/19/81/29941981_59008181_1000.jpg,New Season,Kiton,cotton t-shirt,,,baby blue polo collar short sleeves straight hem ,Cotton 100%,Read Manufacturer Guidelines
https://cdn-images.farfetch-contents.com/29/94/14/66/29941466_59004440_1000.jpg,New Season,BOSS,crew-neck T-shirt,,,light beige crew neck short sleeves logo print to the front straight hem ,Cotton 100%,Machine Wash
https://cdn-images.farfetch-contents.com/29/57/43/34/29574334_58680279_1000.jpg,New Season,Stone Island,Compass-motif jacket ,,,navy blue concealed front zip fastening classic hood front flap pockets long sleeves ,"Cotton 97%, Spandex/Elastane 3%",Machine Wash
https://cdn-images.farfetch-contents.com/29/93/96/25/29939625_59009939_1000.jpg,New Season,Polo Ralph Lauren,Polo Pony swim shorts ,,,mustard yellow elasticated drawstring waistband two side slit pockets rear flap pocket Be mindful to try on swimwear over your own garments. ,"Outer: Polyester 90%, Elastane 10%

Lining: Polyester 90%, Elastane 10%",Machine Wash
https://cdn-images.farfetch-contents.com/29/92/81/80/29928180_59017794_1000.jpg,New Season,Undercover,logo-print T-shirt,,,black graphic print to the front crew neck short sleeves ,Cotton 100%,Machine Wash
https://cdn-images.farfetch-contents.com/29/92/81/74/29928174_59017508_1000.jpg,New Season,Undercover,graphic-print T-shirt,,,black crew neck short sleeves ,Cotton 100%,Machine Wash
https://cdn-images.farfetch-contents.com/29/92/81/38/29928138_59020072_1000.jpg,New Season,Homme Plissé Issey Miyake,Color Pleats shorts ,,,steel blue concealed front button fastening elasticated waistband with internal drawstring two side inset pockets plissé effect ,Polyester 100%,Machine Wash
https://cdn-images.farfetch-contents.com/29/92/81/14/29928114_59019663_1000.jpg,New Season,Homme Plissé Issey Miyake,Color Pleats jacket ,,,steel blue two-way zip fastening two side inset pockets high neck long sleeves ,Polyester 100%,Machine Wash
https://cdn-images.farfetch-contents.com/29/92/72/32/29927232_59019723_1000.jpg,New Season,Homme Plissé Issey Miyake,plissé coat ,,,navy blue front button fastening central rear vent two side inset pockets notched lapels ,"Lining: Polyester 100%

Outer: Polyester 100%",Machine Wash
https://cdn-images.farfetch-contents.com/29/92/72/29/29927229_59018516_1000.jpg,New Season,Homme Plissé Issey Miyake,Monthly Color April trousers ,,,raspberry pink concealed front button fastening elasticated waistband with internal drawstring two side inset pockets plissé effect ,Polyester 100%,Machine Wash
https://cdn-images.farfetch-contents.com/29/92/72/01/29927201_59020212_1000.jpg,New Season,Homme Plissé Issey Miyake,Monthly Color April top ,,,raspberry pink high neck sleeveless pleat detailing ,Polyester 100%,Machine Wash
https://cdn-images.farfetch-contents.com/29/92/71/97/29927197_59020684_1000.jpg,New Season,Homme Plissé Issey Miyake,Monthly Color April shirt ,,,raspberry pink front button fastening short side slits camp collar short sleeves ,Polyester 100%,Machine Wash
https://cdn-images.farfetch-contents.com/29/92/65/94/29926594_59005588_1000.jpg, ,Polo Ralph Lauren,cotton sweater,,,blue crew neck ribbed cuffs and hem long sleeves straight hem ,Cotton 100%,Machine Wash
https://cdn-images.farfetch-contents.com/29/92/58/47/29925847_59003008_1000.jpg, ,Polo Ralph Lauren,slim-cut cargo trousers,,,indigo blue concealed fly and button fastening two side flap pockets two side cargo pockets two rear flap pockets ,Cotton 100%,Read Manufacturer Guidelines
https://cdn-images.farfetch-contents.com/29/92/57/03/29925703_59002947_1000.jpg, ,Polo Ralph Lauren,crew neck sweater,,,white chest patch pocket long sleeves straight hem ,"Cotton 88%, Polyester 12%",Read Manufacturer Guidelines
https://cdn-images.farfetch-contents.com/29/92/37/00/29923700_58986213_1000.jpg, ,Barba,long sleeve shirt,,,black front button fastening classic collar buttoned cuffs ,"Cotton 78%, Polyamide 18%, Elastane 4%",Read Manufacturer Guidelines
https://cdn-images.farfetch-contents.com/29/91/90/58/29919058_58996809_1000.jpg,New Season,Eleventy,wool suit,,,midnight blue double-breasted button fastening chest welt pocket three side flap pockets tailored cut ,"Lining: Viscose 100%

Outer: Wool 100%",Read Manufacturer Guidelines
https://cdn-images.farfetch-contents.com/29/91/81/77/29918177_58996666_1000.jpg,New Season,Barba,Barba shirt,,,light blue front button fastening classic collar buttoned cuffs long sleeves ,Linen/Flax 100%,Read Manufacturer Guidelines
https://cdn-images.farfetch-contents.com/29/91/81/51/29918151_58996502_1000.jpg, ,Briglia 1949,cotton trousers ,,,dark grey elasticated drawstring waistband two side slit pockets two rear jetted pockets tapered leg ,"Cotton 99%, Elastane 1%",Read Manufacturer Guidelines
https://cdn-images.farfetch-contents.com/29/91/75/57/29917557_58996005_1000.jpg, ,Briglia 1949,cotton trousers ,,,ash grey front button fastening two side slit pockets two rear button-fastening jetted pockets belt loops ,"Cotton 98%, Elastane 2%",Machine Wash
https://cdn-images.farfetch-contents.com/29/91/69/84/29916984_58995921_1000.jpg, ,Briglia 1949,cotton trousers ,,,navy blue front button fastening two side slit pockets two rear jetted pockets tapered leg ,"Cotton 97%, Elastane 3%",Machine Wash
https://cdn-images.farfetch-contents.com/29/91/69/80/29916980_58995869_1000.jpg,New Season,Briglia 1949,pressed-crease trousers ,,,black front button fastening two side slit pockets two rear button-fastening jetted pockets belt loops ,"Wool 54%, Polyester 44%, Elastane 1%",Read Manufacturer Guidelines
https://cdn-images.farfetch-contents.com/29/91/67/71/29916771_58995144_1000.jpg,New Season,Colmar,zip-up athletic jacket,,,black high collar full zip closure side pockets logo detail long sleeves ,"Polyamide 80%, Elastane 20%",Read Manufacturer Guidelines
https://cdn-images.farfetch-contents.com/29/91/60/86/29916086_59005133_1000.jpg, ,ETRO,cotton single-breasted blazer,,,blue front button fastening chest welt pocket two side flap pockets long sleeves ,Cotton 100%,Read Manufacturer Guidelines
https://cdn-images.farfetch-contents.com/29/91/60/82/29916082_59008802_1000.jpg, ,ETRO,Prince of Wales-checked blazer,,,orange front button fastening jetted chest pocket front flap pockets narrow notch lapels ,"Outer: Cotton 80%, Linen/Flax 10%, Polyester 10%

Lining: Viscose 100%",Read Manufacturer Guidelines
https://cdn-images.farfetch-contents.com/29/91/56/62/29915662_59008557_1000.jpg, ,ETRO,checked trousers ,,,carrot orange front button fastening two side slit pockets belt loops tapered leg ,"Wool 80%, Cotton 20%",Read Manufacturer Guidelines
https://cdn-images.farfetch-contents.com/29/91/56/51/29915651_59008970_1000.jpg, ,ETRO,woven blazer,,,cobalt blue front button fastening jetted chest pocket two front patch pockets notched lapels ,Fabric 100%,Read Manufacturer Guidelines
https://cdn-images.farfetch-contents.com/29/91/14/67/29911467_59019842_1000.jpg,New Season,MC2 Saint Barth,Drink Lemon T-shirt,,,earth brown slogan print embroidered logo at the sleeve slogan print to the rear ,Cotton 100%,Machine Wash
https://cdn-images.farfetch-contents.com/29/90/90/36/29909036_59020468_1000.jpg,New Season,MC2 Saint Barth,Blanche T-shirt,,,white chest patch pocket embroidered logo at the sleeve graphic print at the chest ,"Cotton 100%, Polyester 100%",Machine Wash
https://cdn-images.farfetch-contents.com/29/90/01/96/29900196_58991689_1000.jpg,New Season,Studio Nicholson,logo-patch trousers,,,black concealed fly and button fastening classic five pockets belt loops ,"Regenerative Cotton 52%, Cotton 48%",Machine Wash
https://cdn-images.farfetch-contents.com/29/89/15/58/29891558_59002584_1000.jpg,New Season,Homme Plissé Issey Miyake,pleated zip-up jacket,,,olive green front zip fastening high neck long sleeves ,Polyester 100%,Machine Wash
https://cdn-images.farfetch-contents.com/29/89/15/56/29891556_58999531_1000.jpg,New Season,Homme Plissé Issey Miyake,pleated single-breasted blazer,,,light grey front button fastening classic lapels long sleeves straight hem ,Polyester 100%,Machine Wash
https://cdn-images.farfetch-contents.com/29/89/15/44/29891544_59002548_1000.jpg,New Season,Homme Plissé Issey Miyake,Windswept Plaid shorts,,,midnight blue elasticated waistband two side slit pockets plissé effect knee-length ,Polyester 100%,Machine Wash
https://cdn-images.farfetch-contents.com/29/89/15/29/29891529_59000784_1000.jpg,New Season,Homme Plissé Issey Miyake,plissé-effect shorts,,,blue-grey elasticated waistband two side slit pockets mid-rise knee-length ,Polyester 100%,Machine Wash
https://cdn-images.farfetch-contents.com/29/89/15/24/29891524_59000826_1000.jpg,New Season,Homme Plissé Issey Miyake,Windswept Plaid coat,,,light blue front zip fastening two side slit pockets plissé effect long wide sleeves ,Polyester 100%,Machine Wash
https://cdn-images.farfetch-contents.com/29/89/15/22/29891522_59001353_1000.jpg,New Season,Homme Plissé Issey Miyake,pleated zip-up jacket,,,grey front zip fastening high neck long sleeves straight hem ,Polyester 100%,Machine Wash
https://cdn-images.farfetch-contents.com/29/89/15/18/29891518_59002413_1000.jpg,New Season,Homme Plissé Issey Miyake,pleated straight-leg trousers,,,grey elasticated waistband two side slit pockets ,Polyester 100%,Machine Wash
https://cdn-images.farfetch-contents.com/29/89/09/37/29890937_58999454_1000.jpg,New Season,Homme Plissé Issey Miyake,pleated straight-leg trousers,,,black elasticated waistband two side slit pockets ,Polyester 100%,Machine Wash
https://cdn-images.farfetch-contents.com/29/89/09/24/29890924_59001950_1000.jpg,New Season,Homme Plissé Issey Miyake,pleated shirt,,,purple front button fastening classic collar short sleeves straight hem ,Polyester 100%,Machine Wash
https://cdn-images.farfetch-contents.com/29/89/09/21/29890921_59000749_1000.jpg,New Season,Homme Plissé Issey Miyake,pleated jacket,,,grey front zip fastening high neck long sleeves straight hem ,Polyester 100%,Machine Wash
https://cdn-images.farfetch-contents.com/29/89/09/19/29890919_58999400_1000.jpg,New Season,Homme Plissé Issey Miyake,pleated single-breasted blazer,,,navy blue front button fastening long sleeves straight hem ,Polyester 100%,Machine Wash
https://cdn-images.farfetch-contents.com/29/89/09/12/29890912_59002009_1000.jpg,New Season,Homme Plissé Issey Miyake,plissé-effect shorts,,,olive green elasticated waistband two side slit pockets mid-rise knee-length ,Polyester 100%,Machine Wash
https://cdn-images.farfetch-contents.com/29/89/01/25/29890125_59019284_1000.jpg,New Season,Carhartt WIP,Bait Shack T-shirt,,,light purple embroidered logo at the chest logo print to the rear crew neck ,Organic Cotton 100%,Machine Wash
https://cdn-images.farfetch-contents.com/29/89/00/57/29890057_59020677_1000.jpg,New Season,LUIGI BIANCHI MANTOVA,herringbone blazer,,,chestnut brown double-breasted button fastening internal pocket English rear vents chest welt pocket ,"Lining: Cotton 100%

Outer: Linen/Flax 65%, Cotton 35%",Machine Wash
https://cdn-images.farfetch-contents.com/29/88/98/21/29889821_59020545_1000.jpg,New Season,Rick Owens DRKSHDW,Trucker jacket,,,black front button fastening two chest flap pockets slip pockets to the sides buttoned cuffs ,"Lining: Polyester 52%, Organic Cotton 48%

Outer: Organic Cotton 100%",Dry Clean Only
https://cdn-images.farfetch-contents.com/18/79/17/41/18791741_40770973_1000.jpg,New Season,Golden Goose,star-print cotton T-shirt,,,black cotton jersey knit star print crew neck short sleeves straight hem ,Cotton 100%,Machine Wash
https://cdn-images.farfetch-contents.com/28/54/98/34/28549834_57880469_1000.jpg,New Season,Golden Goose,jersey-texture T-shirt,,,"ecru crew neck short sleeves straight hem When buying this unisex item, keep in mind that it is graded in standard men's sizing. ","Polyester 100%, Cotton 100%",Machine Wash
https://cdn-images.farfetch-contents.com/19/15/61/80/19156180_53556419_1000.jpg,New Season,Golden Goose,logo-print cotton T-shirt,,,dust olive green cotton jersey texture distressed effect ribbed crew neck short sleeves logo print to the front logo plaque to the rear straight hem ,Cotton 100%,Machine Wash
https://cdn-images.farfetch-contents.com/27/56/15/85/27561585_57365858_1000.jpg,New Season,Golden Goose,graphic-print T-shirt,,,charcoal grey crew neck short sleeves logo print to the front ripped detailing ,Cotton 100%,Machine Wash
https://cdn-images.farfetch-contents.com/18/80/24/25/18802425_40851608_1000.jpg,New Season,Golden Goose,One Star-logo short-sleeve T-shirt ,,,"optical white cotton signature One Star logo round neck short sleeves straight hem When buying this unisex item, keep in mind that it is graded in standard men's sizing. ",Cotton 100%,Machine Wash
https://cdn-images.farfetch-contents.com/19/15/03/22/19150322_56403240_1000.jpg,New Season,Golden Goose,perforated logo-detail T-shirt ,,,anthracite grey cotton lightweight jersey distressed finish ribbed trim crew neck short sleeves logo print to the front straight hem ,Cotton 100%,Machine Wash
https://cdn-images.farfetch-contents.com/28/62/36/97/28623697_57898521_1000.jpg,New Season,Represent,printed T-shirt,,,white crew neck short sleeves straight hem ,Cotton 100%,Machine Wash
https://cdn-images.farfetch-contents.com/27/37/16/23/27371623_57938508_1000.jpg,New Season,Jacquemus,Le Banane T-shirt,,,off-white crew neck short sleeves straight hem ,Cotton 100%,Read Manufacturer Guidelines
https://cdn-images.farfetch-contents.com/26/43/26/38/26432638_58571922_1000.jpg,New Season,MM6 Maison Margiela X Salomon,x Salomon numbers-print jacket,,,light blue front zip fastening two side flap pockets sleeve zip pocket elasticated waistband ,Polyamide 100%,Read Manufacturer Guidelines
https://cdn-images.farfetch-contents.com/25/36/89/88/25368988_57018635_1000.jpg,New Season,Palm Angels,logo-chain backpack,,,black concealed top zip fastening two padded adjustable shoulder straps single rolled top handle This piece comes complete with a protective dust bag. ,"Outer: Polyamide 100%, Bovine Leather (top grain) 100%

Lining: Cotton 100%",
https://cdn-images.farfetch-contents.com/26/81/54/29/26815429_58969010_1000.jpg,New Season,Marni,cotton T-shirt ,,,cornflower blue embroidered logo to the front round neck short sleeves straight hem ,Cotton 100%,Read Manufacturer Guidelines
https://cdn-images.farfetch-contents.com/29/84/84/96/29848496_59001004_1000.jpg,New Season,adidas,Samba sneakers,,,brown front button fastening pull-tab at the heel round toe flat rubber sole ,"Outer: Nubuck Leather 100%

Sole: Rubber 100%

Lining: Leather 100%",
https://cdn-images.farfetch-contents.com/27/71/83/46/27718346_58899189_1000.jpg,New Season,On Running,Cloudmonster sneakers,,,light grey front lace-up fastening padded ankle signature CloudTec® cushioning chunky rubber sole ,"Lining: Fabric 100%

Sole: Rubber 100%

Outer: Fabric 100%, Polyurethane 100%",
https://cdn-images.farfetch-contents.com/22/68/61/35/22686135_53613960_1000.jpg, ,Nike,ZoomX AlphaFly 3 "Volt" sneakers,,,"fluorescent yellow Flyknit construction signature Swoosh logo detail round toe front lace-up fastening logo-embroidered tongue pull-tab at the heel branded insole ZoomX foam chunky rubber sole full-length carbon fiber Flyplate These styles are supplied by a premium and authenticated sneaker marketplace. Stocking only the most sought-after footwear, they source and curate some of the most hard to find sneakers from around the world. ","Sole: Rubber 100%

Lining: Mesh 100%

Outer: Mesh 100%",
https://cdn-images.farfetch-contents.com/29/60/86/25/29608625_58698406_1000.jpg,New Season,ASICS,Gel-Sonoma sneakers,,,light grey front lace-up fastening padded ankle signature cushioning GEL™ technology chunky rubber sole  ,"Outer: Artificial Leather 100%

Lining: Fabric 100%

Sole: Rubber 100%",
https://cdn-images.farfetch-contents.com/25/13/38/80/25133880_58349096_1000.jpg, ,Salomon,XT-6 "Yellow" sneakers,,,"light yellow drawstring fastening colour-block design logo print to the side round toe branded insole chunky rubber sole These styles are supplied by a premium and authenticated sneaker marketplace. Stocking only the most sought-after footwear, they source and curate some of the most hard to find sneakers from around the world. ","Sole: Rubber 100%

Outer: Fabric 100%, Polyurethane 100%

Lining: Fabric 100%",
https://cdn-images.farfetch-contents.com/29/81/44/20/29814420_58946337_1000.jpg,New Season,adidas,Real Madrid 99/00 T-shirt,,,white embroidered logo at the chest stripe detailing spread collar short raglan sleeves ,Recycled Polyester 100%,Read Manufacturer Guidelines
https://cdn-images.farfetch-contents.com/28/30/71/76/28307176_57752146_1000.jpg,New Season,OUR LEGACY,Third Cut jeans,,,indigo blue concealed fly and button fastening belt loops classic five pockets logo patch to the rear ,"Lining: Cotton 100%

Outer: Cotton 100%",Machine Wash
https://cdn-images.farfetch-contents.com/29/75/91/69/29759169_58892242_1000.jpg,New Season,RHUDE,Heave on Earth T-shirt,,,ecru crew neck short sleeves straight hem logo print to the front ,Cotton 100%,Machine Wash
https://cdn-images.farfetch-contents.com/27/18/67/20/27186720_57051916_1000.jpg,Runway,AMI Paris,suede shirt jacket,,,taupe grey front button fastening signature Ami de Coeur monogram motif long sleeves buttoned cuffs ,Goat Skin 100%,Read Manufacturer Guidelines
https://cdn-images.farfetch-contents.com/27/56/50/51/27565051_57369261_1000.jpg,New Season,OUR LEGACY,graphic-print shirt,,,black front button fastening chest patch pocket classic collar short sleeves ,"Linen/Flax 52%, Cotton 48%",Read Manufacturer Guidelines
https://cdn-images.farfetch-contents.com/26/37/87/27/26378727_57664386_1000.jpg,New Season,Acne Studios,wide-leg jeans,,,indigo blue concealed front fastening belt loops classic five pockets trompe l'oeil print ,Cotton 100%,Read Manufacturer Guidelines
https://cdn-images.farfetch-contents.com/28/86/99/17/28869917_58013978_1000.jpg,New Season,AMIRI,logo-print shirt,,,navy blue button fastening two chest flap pockets spread collar short sleeves ,Cupro 100%,Read Manufacturer Guidelines
https://cdn-images.farfetch-contents.com/24/50/50/71/24505071_58100771_1000.jpg,New Season,Casablanca,graphic-print shirt  ,,,zen grey concealed front button fastening chest patch pocket camp collar short sleeves ,Silk 100%,Dry Clean Only
https://cdn-images.farfetch-contents.com/27/37/24/19/27372419_57937463_1000.jpg,New Season,Jacquemus,cotton jeans ,,,powder blue front button fastening classic five pockets belt loops tapered leg ,Cotton 100%,Read Manufacturer Guidelines
https://cdn-images.farfetch-contents.com/25/36/89/87/25368987_57435510_1000.jpg,New Season,Palm Angels,Crystal Pin Up Shirt,,,white front button fastening logo print to the front camp collar short sleeves ,Cotton 100%,Read Manufacturer Guidelines
https://cdn-images.farfetch-contents.com/25/47/80/94/25478094_56790010_1000.jpg,New Season,Off-White,Lea varsity jacket,,,black/white virgin wool blend leather colour-block panelled design padded design front press-stud fastening striped ribbed band collar multiple patches contrasting-fabric long sleeves signature Diag-stripe patch chenille logo patch signature Arrows motif embroidered text two side welt pockets striped ribbed cuffs and hem internal slip pocket quilted lining ,"Outer: Leather 100%,  Virgin Wool 75%,  Polyamide 25%Lining: Cotton 100%,  Polyester 100%,  Viscose 52%,  Cupro 48%",Specialist Cleaning
https://cdn-images.farfetch-contents.com/28/81/30/66/28813066_58258558_1000.jpg,New Season,SP5DER,Star Web hoodie,,,khaki graphic print to the front front pouch pocket classic hood long sleeves ,Cotton 100%,Read Manufacturer Guidelines
https://cdn-images.farfetch-contents.com/25/36/96/16/25369616_57048118_1000.jpg,New Season,Palm Angels,Ivy Pin Up T-shirt ,,,cream white crew neck logo print to the front graphic print to the front short sleeves ,Cotton 100%,Read Manufacturer Guidelines
https://cdn-images.farfetch-contents.com/29/49/26/58/29492658_58793201_1000.jpg,New Season,Marni,cargo trousers,,,black front button fastening multiple cargo pockets ,"Lining: Cotton 100%

Outer: Polyester 67%, Cotton 33%",Read Manufacturer Guidelines
https://cdn-images.farfetch-contents.com/27/49/42/01/27494201_57261902_1000.jpg,New Season,Casablanca,Le Passage T-shirt,,,white logo print embellishment graphic print to the rear ,Organic Cotton 100%,Read Manufacturer Guidelines
https://cdn-images.farfetch-contents.com/25/26/28/71/25262871_58744336_1000.jpg,New Season,Carter Young,Newman Chore jacket,,,white front press-stud and zip fastening press-stud fastening cuffs two front flap pockets corduroy collar ,Cotton 100%,Machine Wash
https://cdn-images.farfetch-contents.com/26/68/24/03/26682403_58928956_1000.jpg,New Season,Stone Island,painted-logo sweater,,,indigo blue short front zip fastening front pouch pocket contrasting cuffs long sleeves ,"Polyurethane Resin 100%,  Linen/Flax 65%,  Cotton 23%,  Polyester 12%",Hand Wash
https://cdn-images.farfetch-contents.com/26/82/54/46/26825446_58911559_1000.jpg,New Season,Represent,R3 Drive jeans,,,indigo blue concealed fly and button fastening belt loops classic five pockets silver-tone logo plaque ,Cotton 100%,Machine Wash
https://cdn-images.farfetch-contents.com/29/62/42/46/29624246_58708781_1000.jpg,New Season,Represent,Crest T-shirt ,,,ecru logo print to the rear crew neck short sleeves ,Cotton 100%,Machine Wash
https://cdn-images.farfetch-contents.com/29/73/86/61/29738661_58845547_1000.jpg,New Season,Represent,cotton shirt ,,,sand beige concealed front fastening two chest flap pockets mini logo tag spread collar ,Cotton 100%,Hand Wash
https://cdn-images.farfetch-contents.com/24/50/41/82/24504182_57753597_1000.jpg,New Season,Casablanca,Casa Beach Wave T-shirt,,,white crew neck short sleeves straight hem ,Organic Cotton 100%,Machine Wash
https://cdn-images.farfetch-contents.com/29/02/79/44/29027944_58209529_1000.jpg,New Season,Stone Island,Compass-badge shorts,,,light beige elasticated waistband with internal drawstring two side flap pockets two side slit pockets rear flap pocket ,"Cotton 97%, Elastane 3%",Machine Wash
https://cdn-images.farfetch-contents.com/25/76/84/78/25768478_58507531_1000.jpg, ,OUR LEGACY,Beyond shirt,,,blue-grey front button fastening short sleeves vertical stripe pattern ,"Mother of Pearl 100%, Viscose 84%, Silk 16%",Hand Wash
https://cdn-images.farfetch-contents.com/28/36/09/88/28360988_57781400_1000.jpg,Runway,LEMAIRE,Parachute jacket,,,black front button and zip fastening concealed hood storm flap two zip-fastening chest pockets ,Fabric 100%,Read Manufacturer Guidelines
https://cdn-images.farfetch-contents.com/27/60/81/46/27608146_57438386_1000.jpg,New Season,RHUDE,RHPS25TT01012RHPS25TT01012 2306VintageBlack,,,black crew neck drop shoulder short sleeves straight hem ,Cotton 100%,Machine Wash
https://cdn-images.farfetch-contents.com/27/33/08/34/27330834_57456754_1000.jpg,New Season,AMI Paris,wide-leg jeans,,,blue concealed fly and button fastening belt loops classic five pockets whiskering effect ,Cotton 100%,Dry Clean Only
https://cdn-images.farfetch-contents.com/29/62/52/01/29625201_58708935_1000.jpg,New Season,Represent,Crest T-shirt ,,,black logo print to the rear crew neck short sleeves ,Cotton 100%,Machine Wash
https://cdn-images.farfetch-contents.com/25/14/60/69/25146069_58819780_1000.jpg,New Season,Kartik Research,embroidered jacket,,,light beige front zip fastening zip-fastening chest pocket chest patch pocket two side welt pockets ,"Cotton 90%, Leather 10%",Dry Clean Only
https://cdn-images.farfetch-contents.com/27/91/13/70/27911370_57590411_1000.jpg,New Season,RHUDE,graphic-print T-shirt,,,white logo print to the front crew neck short sleeves ,Cotton 100%,Machine Wash
https://cdn-images.farfetch-contents.com/24/31/37/54/24313754_54428246_1000.jpg,New Season,OUR LEGACY,Third Cut jeans ,,,light blue cotton denim trompe l'oeil print ripped detailing mid-rise belt loops concealed fly and button fastening classic five pockets wide leg ,Cotton 100%,Machine Wash
https://cdn-images.farfetch-contents.com/25/14/60/77/25146077_58819682_1000.jpg,New Season,Kartik Research,Fauji trousers,,,cedar brown button fly fastening belted waist two side inset pockets two rear patch pockets ,Linen/Flax 100%,Dry Clean Only
https://cdn-images.farfetch-contents.com/26/82/54/51/26825451_58518133_1000.jpg,New Season,Represent,Thoroughbred hoodie,,,khaki classic hood long sleeves front pouch pocket graphic print to the front ,Cotton 100%,Machine Wash
https://cdn-images.farfetch-contents.com/25/24/64/53/25246453_58520753_1000.jpg,New Season,Martine Rose,Oversized denim jacket,,,"dark orange front button fastening two chest flap pockets two side welt pockets When buying this unisex item, keep in mind that it is graded in standard men's sizing. ",Cotton 100%,Machine Wash
https://cdn-images.farfetch-contents.com/25/77/01/44/25770144_58508201_1000.jpg, ,OUR LEGACY,Third Cut jeans,,,black front button and zip fastening classic five pockets logo patch to the rear belt loops ,"Lining: Cotton 100%

Outer: Cotton 100%",Machine Wash
https://cdn-images.farfetch-contents.com/27/48/28/40/27482840_57262149_1000.jpg,New Season,FEAR OF GOD ESSENTIALS,jersey crew-neck T-shirt,,,"taupe logo print embellishment rubberised logo detail drop shoulder When buying this unisex item, keep in mind that it is graded in standard men's sizing. ",Cotton 100%,Read Manufacturer Guidelines
https://cdn-images.farfetch-contents.com/29/79/23/07/29792307_58883652_1000.jpg,Exclusive,AMI Paris,cotton T-Shirt,,,sand beige logo patch at the chest round neck short sleeves straight hem ,Cotton 100%,Read Manufacturer Guidelines
https://cdn-images.farfetch-contents.com/20/02/04/67/20020467_53729414_1000.jpg, ,Thom Browne,grosgrain-armband Oxford shirt,,,white cotton RWB stripe signature grosgrain loop tab logo patch to the front classic collar front button fastening long sleeves curved hem ,Cotton 100%,Read Manufacturer Guidelines
https://cdn-images.farfetch-contents.com/20/25/03/69/20250369_51671963_1000.jpg,New Season,AMI Paris,logo-embroidered wool cardigan ,,,black wool knitted construction signature Ami de Coeur monogram motif embroidered logo at the chest ribbed V-neck front button fastening long sleeves ribbed cuffs and hem straight hem ,Wool 100%,
https://cdn-images.farfetch-contents.com/29/61/31/90/29613190_58760009_1000.jpg,New Season,FEAR OF GOD ESSENTIALS,Essentials logo-print T-shirt,,,black front logo back logo short sleeves crew neck relaxed fit ,Cotton 100%,Read Manufacturer Guidelines
https://cdn-images.farfetch-contents.com/27/23/91/90/27239190_57175391_1000.jpg,New Season,A.P.C.,Ralph shirt,,,indigo blue front button fastening chest patch pocket ,Organic Cotton 100%,Machine Wash
https://cdn-images.farfetch-contents.com/28/67/82/57/28678257_58034836_1000.jpg,New Season,Moncler,logo-appliqué polo shirt,,,navy blue front button placket appliqué logo stripe detailing polo collar ,Cotton 100%,Read Manufacturer Guidelines
https://cdn-images.farfetch-contents.com/28/30/07/20/28300720_57768395_1000.jpg,New Season,Ih Nom Uh Nit,Future Mask T-shirt,,,white logo print to the rear crew neck short sleeves ,"Outer: Cotton 100%

Lining: Cotton 95%, Elastane 5%",Hand Wash
https://cdn-images.farfetch-contents.com/25/36/96/13/25369613_57164658_1000.jpg,New Season,Palm Angels,logo-print T-shirt,,,black crew neck drop shoulder short sleeves logo tag ,Cotton 100%,Machine Wash
https://cdn-images.farfetch-contents.com/27/85/71/57/27857157_57560376_1000.jpg,New Season,44 LABEL GROUP,printed t-shirt,,,black graphic print to the front crew neck short sleeves straight hem ,Cotton 100%,Read Manufacturer Guidelines
https://cdn-images.farfetch-contents.com/26/26/25/03/26262503_56546876_1000.jpg,New Season,DSQUARED2,distressed jeans ,,,black cotton blend denim distressed effect whiskering effect leather tag front button fastening classic five pockets skinny cut ,"Outer: Cotton 98%, Spandex/Elastane 2%

Lining: Polyester 65%, Cotton 35%",Read Manufacturer Guidelines
https://cdn-images.farfetch-contents.com/29/73/64/21/29736421_58858916_1000.jpg,New Season,Polo Ralph Lauren,linen shirt ,,,olive green front button fastening buttoned cuffs signature Polo Pony motif pleat detailing ,Linen/Flax 100%,Machine Wash
https://cdn-images.farfetch-contents.com/28/75/09/41/28750941_58060219_1000.jpg,New Season,RHUDE,Collegiate shorts,,,black ribbed drawstring waistband two side inset pockets rear patch pocket side slits ,"Outer: Polyester 100%

Lining: Nylon 84%, Spandex/Elastane 16%",Dry Clean Only
https://cdn-images.farfetch-contents.com/29/38/14/29/29381429_58446678_1000.jpg, ,Versace,cotton t-shirt,,,black crew neck short sleeves straight hem logo print to the front ,Cotton 100%,Hand Wash
https://cdn-images.farfetch-contents.com/27/33/21/45/27332145_57486432_1000.jpg,New Season,AMI Paris,embroidered logo polo shirt ,,,midnight blue short front button fastening polo collar short sleeves ,Organic Cotton 100%,Machine Wash
https://cdn-images.farfetch-contents.com/22/71/74/88/22717488_52751000_1000.jpg, ,Maison Kitsuné,Chillax Fox-appliqué T-shirt,,,black cotton soft jersey crew neck short sleeves signature Chillax Fox motif appliqué internal logo tag straight hem ,Cotton 100%,Machine Wash
https://cdn-images.farfetch-contents.com/17/54/39/79/17543979_54452240_1000.jpg, ,Givenchy,Givenchy Reverse T-shirt,,,black cotton jersey texture crew neck short sleeves logo print to the front logo print to the rear straight hem ,Cotton 100%,Machine Wash
https://cdn-images.farfetch-contents.com/25/36/96/14/25369614_57048131_1000.jpg,New Season,Palm Angels,neck-logo T-shirt ,,,white crew neck logo print at the neckline drop shoulder short sleeves ,Cotton 100%,Read Manufacturer Guidelines
https://cdn-images.farfetch-contents.com/27/56/50/34/27565034_57369279_1000.jpg,New Season,OUR LEGACY,straight-leg jeans,,,chocolate brown concealed fly and button fastening classic five pockets belt loops logo patch to the rear ,Fabric 100%,Read Manufacturer Guidelines
https://cdn-images.farfetch-contents.com/27/62/78/85/27627885_57730395_1000.jpg,New Season,Stüssy,Big Ol' Spray Dye jeans,,,olive green button fly fastening classic five pockets logo patch to the rear ,Fabric 100%,Read Manufacturer Guidelines
https://cdn-images.farfetch-contents.com/28/90/10/13/28901013_58107756_1000.jpg,New Season,BARROW,sports-print T-shirt,,,"light beige V-neck short sleeves logo print to the rear When buying this unisex item, keep in mind that it is graded in standard men's sizing. ",Fabric 100%,Read Manufacturer Guidelines
https://cdn-images.farfetch-contents.com/28/97/09/87/28970987_58167713_1000.jpg,New Season,OUR LEGACY,Vast Cut jeans,,,black front button and zip fastening belt loops classic five pockets logo patch to the rear ,"Outer: Steel 100%, Cotton 100%

Lining: Cotton 100%",Machine Wash
https://cdn-images.farfetch-contents.com/26/18/25/88/26182588_57935815_1000.jpg,New Season,Moncler,embroidered-logo piqué polo shirt ,,,white short front button fastening logo patch at the sleeve contrasting border ,Cotton 100%,Machine Wash
https://cdn-images.farfetch-contents.com/28/54/98/44/28549844_57945299_1000.jpg,New Season,Ih Nom Uh Nit,Future Mask T-shirt,,,black logo print to the rear crew neck short sleeves ,Cotton 100%,Hand Wash
https://cdn-images.farfetch-contents.com/26/26/24/78/26262478_56701805_1000.jpg,New Season,DSQUARED2,all-over logo-print swim shorts,,,light blue elasticated drawstring waistband short side slits Be mindful to try on swimwear over your own garments. ,"Polyester 95%, Spandex/Elastane 5%",Read Manufacturer Guidelines
https://cdn-images.farfetch-contents.com/28/62/10/29/28621029_57945666_1000.jpg,New Season,Fear Of God,fleece shorts,,,black drawstring fastening elasticated waistband two side inset pockets logo patch to the front ,"Cotton 69%, Polyester 31%",Read Manufacturer Guidelines
https://cdn-images.farfetch-contents.com/26/05/10/11/26051011_56214957_1000.jpg, ,The North Face,1996 Retro Nuptse jacket ,,,black recycled nylon ripstop texture down-feather filling water-repellent padded design front zip fastening funnel neck long sleeves elasticated touch-strap cuffs embroidered logo at the chest two side zip-fastening pockets embroidered logo to the rear full lining drawstring hem ,"Lining: Nylon 100%, Down 90%, Real Feather 10%

Outer: Recycled Nylon 100%",Machine Wash
https://cdn-images.farfetch-contents.com/29/66/19/40/29661940_58684602_1000.jpg,New Season,SAINT MXXXXXX,graphic-print T-Shirt,,,black graphic print to the front round neck short sleeves ,Cotton 100%,Read Manufacturer Guidelines
https://cdn-images.farfetch-contents.com/27/56/50/61/27565061_57370598_1000.jpg,New Season,OUR LEGACY,Above shirt,,,black front button fastening buttoned cuffs check pattern ,Fabric 100%,Read Manufacturer Guidelines
https://cdn-images.farfetch-contents.com/24/69/53/46/24695346_54981316_1000.jpg, ,Y-3,logo-print T-shirt,,,white cotton blend jersey texture logo print at the chest crew neck drop shoulder short sleeves straight hem ,"Cotton 98%, Elastane 2%",Machine Wash
https://cdn-images.farfetch-contents.com/23/29/67/89/23296789_53414478_1000.jpg,New Season,Jacquemus,Le de Nîmes straight-leg jeans,,,indigo blue organic cotton blend washed denim distressed effect faded effect contrast stitching belt loops classic five pockets rivet detailing whiskering effect at the thighs full-length logo patch to the rear straight leg wide leg concealed fly and button fastening ,"Organic Cotton 52%, Cotton 48%",Machine Wash
https://cdn-images.farfetch-contents.com/25/36/96/48/25369648_57435693_1000.jpg,New Season,Palm Angels,Bear In Mind T-shirt,,,red logo print to the front crew neck drop shoulder short sleeves ,Cotton 100%,Read Manufacturer Guidelines
https://cdn-images.farfetch-contents.com/26/26/90/30/26269030_56694392_1000.jpg,New Season,DSQUARED2,distressed stretch-cotton slim jeans,,,black stretch-cotton washed denim distressed effect concealed fly and button fastening belt loops classic five pockets logo patch to the rear slim cut ,"Outer: Cotton 92%, Polyester 6%, Elastane 2%

Lining: Polyester 65%, Cotton 35%",Read Manufacturer Guidelines
https://cdn-images.farfetch-contents.com/28/36/20/05/28362005_57783204_1000.jpg,New Season,LEMAIRE,Pyjama trousers,,,"midnight blue elasticated drawstring waistband two side slit pockets rear patch pocket When buying this unisex item, keep in mind that it is graded in standard men's sizing. ",Fabric 100%,Read Manufacturer Guidelines
https://cdn-images.farfetch-contents.com/27/67/58/37/27675837_57535326_1000.jpg,New Season,ENTIRE STUDIOS,Eternal zip hoodie,,,"washed black front zip fastening two front pouch pockets slouchy hood ribbed cuffs and hem When buying this unisex item, keep in mind that it is graded in standard men's sizing. ",Cotton 100%,Machine Wash
https://cdn-images.farfetch-contents.com/28/67/78/88/28677888_58037493_1000.jpg, ,Versace,Cameo silk shirt,,,light blue front button fastening camp collar short sleeves short side slits ,Silk 100%,Read Manufacturer Guidelines
https://cdn-images.farfetch-contents.com/27/33/22/17/27332217_57441392_1000.jpg,New Season,AMI Paris,logo-embroidered T-shirt,,,navy blue signature Ami de Coeur monogram motif crew neck short sleeves straight hem ,Organic Cotton 100%,Machine Wash
https://cdn-images.farfetch-contents.com/28/57/80/09/28578009_58200412_1000.jpg,New Season,MM6 Maison Margiela,logo-tape track pants,,,black elasticated waistband two side inset pockets number patch to the front drawstring cuffs ,Cotton 100%,Read Manufacturer Guidelines
https://cdn-images.farfetch-contents.com/23/93/20/38/23932038_57323832_1000.jpg,New Season,OUR LEGACY,New Box cotton T-Shirt,,,black cotton jersey texture crew neck drop shoulder short sleeves straight hem ,Cotton 100%,Read Manufacturer Guidelines
https://cdn-images.farfetch-contents.com/24/13/80/86/24138086_54376309_1000.jpg,New Season,Purple Brand,P001 skinny jeans,,,light blue cotton blend denim logo patch to the rear distressed finish ripped detailing paint splatter detail mid-rise belt loops concealed fly and button fastening classic five pockets skinny cut ,"Calf Leather 100%, Cotton 98%, Lycra 2%",Machine Wash
https://cdn-images.farfetch-contents.com/29/53/81/97/29538197_58545398_1000.jpg,New Season,Who Decides War,Triple Flame Glass trousers,,,charcoal grey elasticated drawstring waistband two side slit pockets faux pocket detail appliqué detailing ,Cotton 100%,Machine Wash
https://cdn-images.farfetch-contents.com/27/18/66/85/27186685_57054735_1000.jpg,New Season,AMI Paris,Ami de Coeur polo shirt,,,sage green front button placket short sleeves ,Organic Cotton 100%,Machine Wash
https://cdn-images.farfetch-contents.com/29/14/53/74/29145374_58319985_1000.jpg,New Season,Calvin Klein,double-waistband swim shorts ,,,black elasticated drawstring waistband two side inset pockets rear patch pocket Be mindful to try on swimwear over your own garments. ,"Recycled Polyester 95%, Polyester 5%",Machine Wash
https://cdn-images.farfetch-contents.com/23/75/22/14/23752214_54414354_1000.jpg, ,Diesel,T-Boxt flocked-logo T-shirt,,,black/white cotton soft jersey flocked logo crew neck short sleeves straight hem ,"Cotton 100%, Polyamide 100%",Read Manufacturer Guidelines
https://cdn-images.farfetch-contents.com/28/89/60/25/28896025_58118570_1000.jpg,New Season,Casablanca,Crochet Sporty shorts ,,,white elasticated drawstring waistband two side inset pockets logo patch to the front contrasting trim ,"Cotton 100%, Acrylic 100%",Hand Wash
https://cdn-images.farfetch-contents.com/23/79/95/27/23799527_54175180_1000.jpg, ,Polo Ralph Lauren,Polo Bear-embroidered polo shirt,,,light blue cotton piqué weave stained effect polo collar short sleeves signature Polo Bear motif short side slits straight hem front button placket ,Cotton 100%,Machine Wash
https://cdn-images.farfetch-contents.com/28/30/07/39/28300739_57771755_1000.jpg,New Season,Ih Nom Uh Nit,Black Series T-shirt,,,black crew neck short sleeves ,"Outer: Cotton 100%

Lining: Cotton 95%, Elastane 5%",Hand Wash
https://cdn-images.farfetch-contents.com/24/35/21/93/24352193_55474447_1000.jpg,New Season,Y-3,3-Stripes sport jacket,,,black/white signature 3-Stripes logo front two-way zip fastening high neck long raglan sleeves logo print at the chest two side slit pockets ribbed trim straight hem ,Polyamide 100%,Read Manufacturer Guidelines
https://cdn-images.farfetch-contents.com/27/34/94/76/27349476_57231875_1000.jpg,New Season,Represent,x Metallica Ride The Lightning T-shirt,,,white graphic print to the front ,"Organic Cotton 85%, Hemp 15%",Machine Wash
https://cdn-images.farfetch-contents.com/12/65/95/74/12659574_52800662_1000.jpg,New Season,Polo Ralph Lauren,Polo Pony cotton polo shirt,,,optical white cotton piqué weave polo collar short sleeves signature Polo Pony motif front button placket short side slits straight hem ,Cotton 100%,Machine Wash
https://cdn-images.farfetch-contents.com/27/69/49/29/27694929_57514005_1000.jpg, ,GALLERY DEPT.,Souvenir T-shirt,,,black logo print embellishment crew neck short sleeves ,Cotton 100%,Dry Clean Only
https://cdn-images.farfetch-contents.com/22/60/33/03/22603303_52661753_1000.jpg, ,AAPE BY *A BATHING APE®,camouflage-print Milo cotton T-shirt,,,black/grey cotton camouflage print round neck short sleeves signature Milo motif logo print to the rear straight hem ,Cotton 100%,Hand Wash
https://cdn-images.farfetch-contents.com/28/15/46/83/28154683_57701757_1000.jpg,New Season,Burberry,Check swim shorts,,,archive beige elasticated drawstring waistband two side slit pockets rear zip-fastening pocket Be mindful to try on swimwear over your own garments. ,"Outer: Polyester 100%

Lining: Polyester 100%",Machine Wash
https://cdn-images.farfetch-contents.com/29/37/96/20/29379620_58447025_1000.jpg, ,Versace,short sleeve cotton polo shirt,,,black front button placket short sleeves logo print to the front straight hem ,Cotton 100%,Hand Wash
https://cdn-images.farfetch-contents.com/22/69/21/20/22692120_53083689_1000.jpg, ,Salomon,x 11 By Boris Bidjan Saberi St Bamba 5,,,brown panelled design tie-dye print round toe rubber toecap micro-mesh panels reflective detailing appliqué logo to the front logo pull-tab at the tongue branded heel counter padded ankle branded insole rubber lug sole front toggle fastening ,"Sole: Rubber 100%

Lining: Fabric 100%

Outer: Rubber 100%, Fabric 100%",
https://cdn-images.farfetch-contents.com/28/02/49/61/28024961_57841869_1000.jpg, ,ASICS,x Hal Studios Gel-Kayano 20,,,white front touch-strap fastening round toe flat rubber sole mesh panelling ,"Outer: Mesh 100%, Recycled Calf Leather 100%

Lining: Fabric 100%

Sole: Rubber 100%",
https://cdn-images.farfetch-contents.com/28/70/33/12/28703312_58018032_1000.jpg,New Season,HOKA,Mafate Speed 2 sneakers,,,light grey front lace-up fastening pull-tab at the heel round toe Vibram® sole ,"Outer: Fabric 100%

Lining: Fabric 100%

Sole: Rubber 100%",
https://cdn-images.farfetch-contents.com/24/18/40/32/24184032_58380918_1000.jpg,New Season,On Running,Cloudtilt "Black/Ivory" sneakers,,,"white/black speed lacing system mesh upper padded ankle logo print to the side round toe branded insole CloudTec Phase™️ midsole chunky rubber sole These styles are supplied by a premium and authenticated sneaker marketplace. Stocking only the most sought-after footwear, they source and curate some of the most hard to find sneakers from around the world. ","Sole: Rubber 100%

Outer: Recycled Polyester 100%

Lining: Recycled Polyester 100%",Read Manufacturer Guidelines
https://cdn-images.farfetch-contents.com/29/44/49/73/29444973_58463129_1000.jpg,New Season,On Running,chunky-sole sneakers,,,coffee brown front lace-up fastening chunky rubber sole embossed logo to the rear ,"Outer: Fabric 100%

Lining: Fabric 100%

Sole: Rubber 100%",
https://cdn-images.farfetch-contents.com/28/36/13/24/28361324_57898379_1000.jpg,New Season,Salomon,XT-6 sneakers ,,,beige bungee lacing system branded insole logo print to the side panelled design ,"Outer: Fabric 100%

Lining: Fabric 100%

Sole: Rubber 100%",
https://cdn-images.farfetch-contents.com/27/96/62/52/27966252_57678736_1000.jpg,New Season,On Running,Cloudtilt "Eclipse/Black" sneakers,,,"black front lace-up fastening rubber sole logo print to the side These styles are supplied by a premium and authenticated sneaker marketplace. Stocking only the most sought-after footwear, they source and curate some of the most hard to find sneakers from around the world. ","Sole: Rubber 100%

Outer: Recycled Polyester 100%

Lining: Recycled Polyester 100%",Read Manufacturer Guidelines
https://cdn-images.farfetch-contents.com/28/33/52/77/28335277_57729309_1000.jpg,New Season,Salomon,XT-4 sneakers ,,,olive green drawstring fastening chunky rubber sole logo print to the side branded insole ,"Lining: Fabric 100%

Outer: Mesh 100%, Thermoplastic Polyurethane (TPU) 100%

Sole: Rubber 100%",
https://cdn-images.farfetch-contents.com/27/96/62/50/27966250_58380935_1000.jpg,New Season,On Running,Cloudtilt "Cinder/Sand" sneakers,,,"light beige front lace-up fastening padded ankle logo print to the rear logo print to the side round toe signature CloudTec Phase® midsole chunky rubber sole These styles are supplied by a premium and authenticated sneaker marketplace. Stocking only the most sought-after footwear, they source and curate some of the most hard to find sneakers from around the world. ","Lining: Recycled Polyester 100%

Outer: Recycled Polyester 100%

Sole: Rubber 100%",
https://cdn-images.farfetch-contents.com/24/78/18/99/24781899_54904389_1000.jpg, ,ASICS,GT-2160 "Slate Grey" sneakers,,,"green/black signature Tiger stripes round toe front lace-up fastening logo patch at the tongue branded insole rubber sole signature cushioning GEL™ technology These styles are supplied by a premium and authenticated sneaker marketplace. Stocking only the most sought-after footwear, they source and curate some of the most hard to find sneakers from around the world. ","Sole: Rubber 100%

Outer: Fabric 100%

Lining: Fabric 100%",
https://cdn-images.farfetch-contents.com/21/68/55/37/21685537_53131399_1000.jpg, ,Acne Studios,panelled-design leather sneakers,,,white/grey/brown calf leather panelled design suede panelling round toe logo-print tongue branded insole flat rubber sole front lace-up fastening ,"Lining: Fabric 100%

Sole: Rubber 100%

Outer: Calf Leather 100%",
https://cdn-images.farfetch-contents.com/28/75/15/70/28751570_58059770_1000.jpg,New Season,RHUDE,Script Crest T-shirt,,,black logo print to the front crew neck short sleeves ,Cotton 100%,Machine Wash
https://cdn-images.farfetch-contents.com/21/45/12/54/21451254_51500680_1000.jpg, ,RHUDE,logo-embroidered cotton shorts ,,,black/sand beige/white cotton/lyocell embroidered logo to the front stripe detailing elasticated drawstring waistband two side slash pockets rear patch pocket thigh-length ,"Outer: Cotton 100%

Lining: Lyocell 100%",Dry Clean Only
https://cdn-images.farfetch-contents.com/28/47/57/07/28475707_58011568_1000.jpg,New Season,RHUDE,Champions short,,,blue elasticated drawstring waistband two side welt pockets rear patch pocket logo print at the leg ,Cotton 100%,Dry Clean Only
https://cdn-images.farfetch-contents.com/19/20/51/52/19205152_42095054_1000.jpg, ,RHUDE,embroidered-logo shorts,,,"cotton, tencel black cotton blend elasticated waistband drawstring fastening waist ","Outer: Cotton 100%

Lining: TENCEL™ 100%",Dry Clean Only
https://cdn-images.farfetch-contents.com/25/36/96/67/25369667_57102437_1000.jpg,New Season,Palm Angels,logo shorts,,,black elasticated drawstring waistband slip pockets to the sides rear patch pocket ,Cotton 100%,Read Manufacturer Guidelines
https://cdn-images.farfetch-contents.com/25/36/97/62/25369762_57268233_1000.jpg,New Season,Palm Angels,mesh palm shorts,,,black elasticated logo waistband slip pockets to the sides rear patch pocket logo print embellishment ,Polyester 100%,Dry Clean Only
https://cdn-images.farfetch-contents.com/22/92/50/29/22925029_52972542_1000.jpg, ,Purple Brand,logo-print cotton cargo shorts,,,black cotton logo print to the side elasticated drawstring waistband two side cargo pockets straight hem thigh-length ,Cotton 100%,Dry Clean Only
https://cdn-images.farfetch-contents.com/24/00/29/55/24002955_54249540_1000.jpg, ,SAINT MXXXXXX,logo-print cotton shorts ,,,jet black cotton jersey texture logo print to the front patch detail elasticated waistband straight leg two side inset pockets raw-cut hem above-knee length pull-on style ,Cotton 100%,Hand Wash
https://cdn-images.farfetch-contents.com/29/50/51/70/29505170_58779553_1000.jpg,New Season,SAINT MXXXXXX,logo-print track shorts,,,black elasticated drawstring waistband two side slit pockets rear patch pocket rolled trim ,Fabric 100%,Read Manufacturer Guidelines
https://cdn-images.farfetch-contents.com/25/36/97/68/25369768_57102091_1000.jpg,New Season,Palm Angels,palm-tree knitted shorts,,,black elasticated waistband two side slit pockets ,"Acrylic 100%, Cotton 60%, Merino 40%",Read Manufacturer Guidelines
https://cdn-images.farfetch-contents.com/26/55/68/55/26556855_57279764_1000.jpg, ,AMIRI,Bandana shorts,,,black elasticated drawstring waistband two side inset pockets logo patch to the rear ,Fabric 100%,Read Manufacturer Guidelines
https://cdn-images.farfetch-contents.com/25/23/31/96/25233196_55319498_1000.jpg,New Season,AMIRI,logo-print track shorts,,,black cotton jersey texture logo print to the side elasticated drawstring waistband two side inset pockets straight leg ,Cotton 100%,Read Manufacturer Guidelines
https://cdn-images.farfetch-contents.com/22/37/55/29/22375529_52373496_1000.jpg, ,AMIRI,Diamond silk shorts,,,black multicolour silk elasticated waistband two side slit pockets graphic print to the front drawstring fastening ,"Lining: Silk 100%

Outer: Silk 100%",Dry Clean Only
https://cdn-images.farfetch-contents.com/29/88/26/06/29882606_58964838_1000.jpg,New Season,Myths,pleat-detail trousers,,,beige front pleats button fastening turned-up cuffs back pockets belt loops ,Fabric 100%,Read Manufacturer Guidelines
https://cdn-images.farfetch-contents.com/29/87/66/92/29876692_58940984_1000.jpg,New Season,Howlin',Bass shirt,,,lilac front button fastening chest patch pocket classic collar short sleeves ,Cotton 100%,Read Manufacturer Guidelines
https://cdn-images.farfetch-contents.com/29/87/43/53/29874353_59004937_1000.jpg, ,Devoa,drawstring-waist shorts ,,,black front button fastening two front jetted pockets front zip fastening pockets two side patch pockets ,Polyester 100%,Read Manufacturer Guidelines
https://cdn-images.farfetch-contents.com/29/87/43/52/29874352_59004641_1000.jpg, ,Devoa,short-sleeved cotton T-shirt ,,,anthracite grey crew neck drop shoulder straight hem ,Cotton 100%,Read Manufacturer Guidelines
https://cdn-images.farfetch-contents.com/29/87/43/31/29874331_59005000_1000.jpg, ,Devoa,short-sleeved shirt,,,black front press-stud fastening front flap pocket classic collar straight hem ,Polyester 100%,Read Manufacturer Guidelines
https://cdn-images.farfetch-contents.com/29/87/43/30/29874330_59004291_1000.jpg, ,Devoa,double-breasted jacket,,,olive green double-breasted button fastening two side welt pockets sleeve zip pocket buttoned cuffs ,"Linen/Flax 95%, Elastane 5%",Read Manufacturer Guidelines
https://cdn-images.farfetch-contents.com/29/87/27/52/29872752_59004493_1000.jpg, ,Devoa,wool trousers ,,,black front button fastening elasticated drawstring waistband wide leg straight hem ,Wool 100%,Read Manufacturer Guidelines
https://cdn-images.farfetch-contents.com/29/87/27/51/29872751_59004358_1000.jpg, ,Devoa,short-sleeved T-shirt ,,,light grey crew neck raw-cut hem ,"Cotton 95%, Silk 3%, Linen/Flax 2%",Read Manufacturer Guidelines
https://cdn-images.farfetch-contents.com/29/87/27/50/29872750_59004106_1000.jpg, ,Devoa,short-sleeved jersey T-shirt ,,,anthracite grey crew neck drop shoulder straight hem ,Cotton 100%,Read Manufacturer Guidelines
https://cdn-images.farfetch-contents.com/29/87/27/49/29872749_59005312_1000.jpg, ,Devoa,cotton hoodie ,,,dark grey front two-way zip fastening classic hood long raglan sleeves raw-cut hem ,Cotton 100%,Read Manufacturer Guidelines
https://cdn-images.farfetch-contents.com/29/87/27/48/29872748_59005450_1000.jpg, ,Devoa,bleached-effect denim jacket ,,,light grey front button fastening four front flap pockets two rear flap pockets long sleeves ,Cotton 100%,Read Manufacturer Guidelines
https://cdn-images.farfetch-contents.com/29/87/27/44/29872744_59005046_1000.jpg, ,Devoa,classic-collar shirt ,,,olive green front button fastening four front flap pockets two rear flap pockets epaulettes ,"Linen/Flax 80%, Cashmere 20%",Read Manufacturer Guidelines
https://cdn-images.farfetch-contents.com/29/87/27/41/29872741_59005185_1000.jpg, ,Devoa,wool blazer ,,,black front button fastening two front jetted pockets buttoned cuffs collarless ,Wool 100%,Read Manufacturer Guidelines
https://cdn-images.farfetch-contents.com/29/86/80/91/29868091_59009306_1000.jpg,New Season,Isaia,linen shirt,,,light grey front button fastening buttoned cuffs classic collar long sleeves ,Linen/Flax 100%,Machine Wash
https://cdn-images.farfetch-contents.com/29/86/80/83/29868083_59009173_1000.jpg,New Season,Mazzarelli,leaf-print shirt,,,light beige front button fastening buttoned cuffs spread collar long sleeves ,Linen/Flax 100%,Machine Wash
https://cdn-images.farfetch-contents.com/29/86/80/78/29868078_59015319_1000.jpg,New Season,Mazzarelli,jersey shirt,,,navy blue front button fastening buttoned cuffs spread collar long sleeves ,"Cotton 89%, Elastane 11%",Machine Wash
https://cdn-images.farfetch-contents.com/29/86/80/62/29868062_59012610_1000.jpg,New Season,Mazzarelli,cotton shirt,,,white front button fastening buttoned cuffs spread collar long sleeves ,Cotton 100%,Machine Wash
https://cdn-images.farfetch-contents.com/29/86/80/54/29868054_59012938_1000.jpg,New Season,Mazzarelli,jersey shirt,,,white front button fastening buttoned cuffs spread collar long sleeves ,"Cotton 89%, Elastane 11%",Machine Wash
https://cdn-images.farfetch-contents.com/29/86/80/46/29868046_59021617_1000.jpg,New Season,Mazzarelli,spread-collar shirt,,,white front button fastening buttoned cuffs long sleeves curved hem ,"Polyamide 75%, Elastane 25%",Machine Wash
https://cdn-images.farfetch-contents.com/29/86/71/86/29867186_59009116_1000.jpg,New Season,Isaia,linen shirt,,,cornflower blue front button fastening buttoned cuffs classic collar long sleeves ,Linen/Flax 100%,Machine Wash
https://cdn-images.farfetch-contents.com/29/86/71/78/29867178_59008919_1000.jpg,New Season,Isaia,linen shirt,,,sapphire blue front button fastening buttoned cuffs classic collar long sleeves ,Linen/Flax 100%,Machine Wash
https://cdn-images.farfetch-contents.com/29/86/71/52/29867152_59008975_1000.jpg,New Season,Mazzarelli,linen shirt,,,white front button fastening buttoned cuffs two chest patch pockets spread collar ,Linen/Flax 100%,Machine Wash
https://cdn-images.farfetch-contents.com/29/86/71/16/29867116_59019636_1000.jpg,New Season,Mazzarelli,linen shirt,,,white front button fastening buttoned cuffs two chest patch pockets spread collar ,Linen/Flax 100%,Machine Wash
https://cdn-images.farfetch-contents.com/29/86/71/14/29867114_59021138_1000.jpg,New Season,Mazzarelli,linen shirt,,,white front button fastening buttoned cuffs spread collar long sleeves ,Linen/Flax 100%,Machine Wash
https://cdn-images.farfetch-contents.com/29/86/60/95/29866095_59009457_1000.jpg,New Season,Mazzarelli,linen shirt,,,white front button fastening buttoned cuffs band collar long sleeves ,Linen/Flax 100%,Machine Wash
https://cdn-images.farfetch-contents.com/29/86/11/24/29861124_59003193_1000.jpg,New Season,Maison Kitsuné,cotton shorts,,,blue elasticated drawstring waistband two side slit pockets two rear patch pockets all-over floral print ,Cotton 100%,Machine Wash
https://cdn-images.farfetch-contents.com/29/86/03/20/29860320_59009150_1000.jpg,New Season,Who Decides War,Precondition Winged Boro sweatshirt,,,white graphic print to the front embroidered motif crew neck long sleeves ,Cotton 100%,Machine Wash
https://cdn-images.farfetch-contents.com/29/86/03/08/29860308_59008875_1000.jpg,New Season,Who Decides War,Gleaming hoodie,,,sand beige drawstring hood front pouch pocket all-over graphic print long sleeves ,Cotton 100%,Dry Clean Only
https://cdn-images.farfetch-contents.com/29/86/03/03/29860303_59009069_1000.jpg,New Season,Who Decides War,Mocha jeans,,,black front button and zip fastening classic five pockets logo patch to the rear contrasting panel detail ,Cotton 100%,Machine Wash
https://cdn-images.farfetch-contents.com/29/86/02/54/29860254_59008668_1000.jpg,New Season,adidas,seersucker shirt,,,black front button fastening chest patch pocket embroidered logo at the chest short sleeves ,Cotton 100%,Machine Wash
https://cdn-images.farfetch-contents.com/29/85/94/99/29859499_59009059_1000.jpg,New Season,Who Decides War,Mechanic Signature jeans,,,indigo blue front button and zip fastening belt loops classic five pockets contrasting panel detail ,Cotton 100%,Machine Wash
https://cdn-images.farfetch-contents.com/29/85/94/93/29859493_59008824_1000.jpg,New Season,Who Decides War,Signature Mechanic hoodie,,,heather grey front zip fastening drawstring hood panel detailing spray-paint effect ,Cotton 100%,Machine Wash
https://cdn-images.farfetch-contents.com/29/85/94/91/29859491_59009122_1000.jpg,New Season,Who Decides War,Flame Glass-embroidered hoodie,,,charcoal grey two side slit pockets all-over motif embroidery long sleeves ,Cotton 100%,Dry Clean Only
https://cdn-images.farfetch-contents.com/29/85/94/82/29859482_59009017_1000.jpg,New Season,Who Decides War,Moto Boro T-shirt,,,charcoal grey all-over graphic print patchwork detailing crew neck short sleeves ,Cotton 100%,Machine Wash
https://cdn-images.farfetch-contents.com/29/85/92/81/29859281_59008812_1000.jpg,New Season,adidas,seersucker shirt,,,almond beige front button fastening chest patch pocket embroidered logo at the chest short sleeves ,Cotton 100%,Machine Wash
https://cdn-images.farfetch-contents.com/29/85/92/54/29859254_59015366_1000.jpg,New Season,Marine Serre,Regenerated hoodie,,,black ribbed cuffs graphic print to the front graphic print to the rear ,"Cotton 50%, Polyester 50%",Machine Wash
https://cdn-images.farfetch-contents.com/29/85/64/31/29856431_59004488_1000.jpg,New Season,Who Decides War,Scripture track pants,,,navy blue elasticated waistband large text print side pockets straight leg design casual style ,Cotton 100%,Read Manufacturer Guidelines
https://cdn-images.farfetch-contents.com/29/85/64/30/29856430_59004156_1000.jpg,New Season,Who Decides War,plaid button-up shirt,,,blue and red check pattern graphic print label design details button closure long sleeves ,Cotton 100%,Read Manufacturer Guidelines
https://cdn-images.farfetch-contents.com/29/85/64/26/29856426_59024025_1000.jpg,New Season,Who Decides War,side-patch jeans,,,light blue distressed detailing multiple tears five-pocket design belt loops logo patch ,Cotton 100%,Read Manufacturer Guidelines
https://cdn-images.farfetch-contents.com/29/85/64/25/29856425_59004144_1000.jpg,New Season,Who Decides War,Ember Chapel hoodie,,,black front graphic skeleton motifs flame print drawstring hood long sleeves ribbed cuffs ,Cotton 100%,Read Manufacturer Guidelines
https://cdn-images.farfetch-contents.com/29/85/62/32/29856232_58972170_1000.jpg,New Season,Polo Ralph Lauren,oxford mesh polo shirt,,,pastel blue front button placket signature Polo Pony motif polo collar short sleeves ,"Cotton 96%, Elastane 4%",Machine Wash
https://cdn-images.farfetch-contents.com/29/85/60/82/29856082_58972860_1000.jpg,New Season,Polo Ralph Lauren,logo-print hoodie,,,lilac purple drawstring hood front pouch pocket signature Polo Pony motif long sleeves ,"Cotton 80%, Polyester 20%",Machine Wash
https://cdn-images.farfetch-contents.com/29/85/60/56/29856056_58970007_1000.jpg,New Season,Polo Ralph Lauren,Cocktail swim shorts ,,,aqua blue elasticated drawstring waistband two side slit pockets rear flap pocket Be mindful to try on swimwear over your own garments. ,Recycled Polyester 100%,Machine Wash
https://cdn-images.farfetch-contents.com/29/85/55/11/29855511_59003882_1000.jpg,New Season,Who Decides War,Scripture zip-up hoodie,,,navy blue all-over text print front zip closure hooded design kangaroo pocket ribbed cuffs ,Cotton 100%,Read Manufacturer Guidelines
https://cdn-images.farfetch-contents.com/29/85/55/10/29855510_59005527_1000.jpg,New Season,Who Decides War,Patched Arch jeans,,,light blue abstract door design frayed detailing multiple cut-outs five-pocket style button fastening ,Cotton 100%,Read Manufacturer Guidelines
https://cdn-images.farfetch-contents.com/29/85/54/13/29855413_58971934_1000.jpg,New Season,Polo Ralph Lauren,poplin windbreaker,,,sky blue front zip fastening two side welt pockets elasticated cuffs elasticated hem ,Cotton 100%,Machine Wash
https://cdn-images.farfetch-contents.com/29/85/53/89/29855389_58972756_1000.jpg,New Season,Polo Ralph Lauren,Polo Pony shirt,,,emerald green check pattern classic collar front button fastening long sleeves ,Cotton 100%,Machine Wash
https://cdn-images.farfetch-contents.com/29/85/53/73/29855373_58950570_1000.jpg,New Season,Polo Ralph Lauren,Polo Pony shirt,,,light blue plaid check pattern classic collar front button fastening long sleeves ,Cotton 100%,Read Manufacturer Guidelines
https://cdn-images.farfetch-contents.com/29/85/53/32/29855332_58969978_1000.jpg,New Season,Polo Ralph Lauren,Polo Pony shirt,,,pink check pattern classic collar front button fastening long sleeves ,Cotton 100%,Machine Wash
https://cdn-images.farfetch-contents.com/29/85/52/04/29855204_59003349_1000.jpg,New Season,Polo Ralph Lauren,Traveller swim shorts,,,carrot orange elasticated drawstring waistband two side slit pockets rear flap pocket Be mindful to try on swimwear over your own garments. ,"Recycled Polyester 90%, Elastane 10%",Machine Wash
https://cdn-images.farfetch-contents.com/29/85/31/26/29853126_59008813_1000.jpg,New Season,Tommy Hilfiger,linen shirt,,,sand beige front button fastening box-pleat detail embroidered logo at the chest vertical stripe pattern ,Linen/Flax 100%,Machine Wash
https://cdn-images.farfetch-contents.com/29/85/30/07/29853007_59009021_1000.jpg,New Season,Tommy Hilfiger,linen shirt,,,light blue front button fastening box-pleat detail embroidered logo at the chest vertical stripe pattern ,Linen/Flax 100%,Machine Wash
https://cdn-images.farfetch-contents.com/29/85/21/71/29852171_59008964_1000.jpg,New Season,Tommy Hilfiger,linen shirt,,,rose pink front button fastening embroidered logo at the chest box-pleat detail vertical stripe pattern ,Linen/Flax 100%,Machine Wash
https://cdn-images.farfetch-contents.com/29/85/20/60/29852060_59009031_1000.jpg,New Season,Doppiaa,knitted shirt,,,navy blue front button fastening classic collar long sleeves ribbed cuffs ,Cotton 100%,Machine Wash
https://cdn-images.farfetch-contents.com/29/85/20/52/29852052_59008879_1000.jpg,New Season,Doppiaa,jersey shirt,,,light beige front button fastening buttoned cuffs classic collar long sleeves ,Cotton 100%,Machine Wash
https://cdn-images.farfetch-contents.com/29/85/20/01/29852001_59008529_1000.jpg,New Season,Doppiaa,terry-cloth polo shirt,,,light pink front button placket short side slits short sleeves ,"Cotton 76%, Polyester 24%",Machine Wash
https://cdn-images.farfetch-contents.com/29/85/19/83/29851983_59008624_1000.jpg,New Season,Calvin Klein,short-sleeves shirt,,,white front button fastening camp collar ,"Linen/Flax 60%, Cotton 40%",Machine Wash
https://cdn-images.farfetch-contents.com/29/85/19/67/29851967_59009000_1000.jpg,New Season,Tommy Hilfiger,linen shirt,,,rose pink front button fastening box-pleat detail locker loop embroidered logo at the chest ,Linen/Flax 100%,Machine Wash
https://cdn-images.farfetch-contents.com/29/85/19/42/29851942_59008716_1000.jpg,New Season,Calvin Klein,linen shorts,,,prussian blue front button and zip fastening elasticated waistband two side inset pockets two rear welt pockets ,"Outer: Linen/Flax 52%, Lyocell 31%, Cotton 13%, Elastane 4%

Lining: Polyester 65%, Cotton 35%",Machine Wash
https://cdn-images.farfetch-contents.com/29/85/18/73/29851873_59009098_1000.jpg,New Season,Doppiaa,jersey shirt,,,peach pink front button fastening classic collar long sleeves buttoned cuffs ,Cotton 100%,Machine Wash
https://cdn-images.farfetch-contents.com/29/85/18/21/29851821_59008664_1000.jpg,New Season,Doppiaa,terry-cloth polo shirt,,,navy blue front button placket short side slits short sleeves ,"Cotton 76%, Polyester 24%",Machine Wash
https://cdn-images.farfetch-contents.com/29/85/18/02/29851802_59008484_1000.jpg,New Season,Doppiaa,terry-cloth polo shirt,,,cerulean blue front button placket short side slits short sleeves ,"Cotton 76%, Polyester 24%",Machine Wash
https://cdn-images.farfetch-contents.com/29/85/17/97/29851797_59008640_1000.jpg,New Season,Doppiaa,terry-cloth polo shirts,,,light yellow front button placket short side slits short sleeves ,"Cotton 76%, Polyester 24%",Machine Wash
https://cdn-images.farfetch-contents.com/29/85/16/74/29851674_59008520_1000.jpg,New Season,Michael Kors,bermuda shorts,,,imperial blue front button and zip fastening belt loops two side slash pockets rear welt pocket ,"Cotton 66%, TENCEL™ Lyocell (LENZING) 31%, Elastane 3%",Machine Wash
https://cdn-images.farfetch-contents.com/29/85/16/72/29851672_59008532_1000.jpg,New Season,Michael Kors,bermudas shorts,,,olive green front button and zip fastening belt loops two side slash pockets two rear welt pockets ,"Cotton 66%, TENCEL™ Lyocell (LENZING) 31%, Elastane 3%",Machine Wash
https://cdn-images.farfetch-contents.com/29/85/14/99/29851499_59021541_1000.jpg,New Season,Séfr,Leo shirt,,,black front button fastening buttoned cuffs chest patch pocket box-pleat detail ,Cotton 100%,Machine Wash
https://cdn-images.farfetch-contents.com/29/85/14/55/29851455_59010621_1000.jpg,New Season,Brain Dead,Dragonspeaker shirt,,,white front button fastening short sleeves camp collar ,Cotton 100%,Machine Wash
https://cdn-images.farfetch-contents.com/29/85/13/67/29851367_59010687_1000.jpg,New Season,Brain Dead,cropped chore jacket,,,black front button fastening buttoned cuffs two front flap pockets two side slit pockets ,"Polyester 100%, Cotton 100%",Machine Wash
https://cdn-images.farfetch-contents.com/29/85/09/57/29850957_59008940_1000.jpg,New Season,Doppiaa,terry-cloth polo shirt,,,baby blue front button placket short side slits short sleeves ,"Cotton 76%, Polyester 24%",Machine Wash
https://cdn-images.farfetch-contents.com/29/85/08/11/29850811_59008819_1000.jpg,New Season,Michael Kors,bermuda shorts,,,light beige front button and zip fastening belt loops two side slash pockets two rear welt pockets ,"Cotton 66%, TENCEL™ Lyocell (LENZING) 31%, Elastane 3%",Machine Wash
https://cdn-images.farfetch-contents.com/29/85/04/94/29850494_59011159_1000.jpg,New Season,Brain Dead,pointelle logo Head polo shirt,,,light beige front button placket short sleeves ribbed cuffs and hem ,"Cotton 55%, Polyester 45%",Hand Wash
https://cdn-images.farfetch-contents.com/29/85/00/41/29850041_59016186_1000.jpg,New Season,Costumein,Canarie T-shirt,,,white crew neck short sleeves ,Cotton 100%,Machine Wash
https://cdn-images.farfetch-contents.com/29/84/98/39/29849839_59016577_1000.jpg,New Season,Costumein,Canarie T-shirt,,,black crew neck short sleeves  ,Cotton 100%,Machine Wash
https://cdn-images.farfetch-contents.com/29/84/95/86/29849586_58999969_1000.jpg, ,Lacoste,crew-neck T-shirt,,,cobalt blue crew neck logo patch to the front short sleeves straight hem ,Cotton 100%,Read Manufacturer Guidelines
https://cdn-images.farfetch-contents.com/29/84/93/09/29849309_59010549_1000.jpg,New Season,Comme des Garçons Homme Plus,twill shorts,,,black front button and zip fastening belt loops two side slash pockets rear welt pocket ,Polyester 100%,Machine Wash
https://cdn-images.farfetch-contents.com/29/84/93/02/29849302_59013001_1000.jpg,New Season,Comme des Garçons Homme Plus,long-sleeve shirt,,,black front button fastening chest patch pocket buttoned-cuff sleeves classic collar ,Polyester 100%,Hand Wash
https://cdn-images.farfetch-contents.com/29/84/90/70/29849070_59018860_1000.jpg,New Season,BOSS,H-Hank shirt,,,cornflower blue front button fastening buttoned-cuff sleeves dart detailing cutaway collar ,Cotton 100%,Machine Wash
https://cdn-images.farfetch-contents.com/29/84/90/66/29849066_59018722_1000.jpg,New Season,BOSS,Delaware shorts,,,black concealed fly and button fastening belt loops classic five pockets logo patch to the rear ,"Cotton 98%, Spandex/Elastane 2%",Machine Wash
https://cdn-images.farfetch-contents.com/29/84/90/63/29849063_59018782_1000.jpg,New Season,BOSS,C-Leoni shorts,,,ecru elasticated drawstring waistband two side welt pockets rear welt pocket ,Cotton 100%,Machine Wash
https://cdn-images.farfetch-contents.com/29/84/90/59/29849059_59021706_1000.jpg,New Season,BOSS,Sanderson trousers,,,black concealed fly and button fastening elasticated drawstring waistband two side slash pockets two rear welt pockets ,"Lining: Cotton 100%

Outer: Linen/Flax 64%, Polyester 36%",Machine Wash
https://cdn-images.farfetch-contents.com/29/84/90/58/29849058_59018661_1000.jpg,New Season,BOSS,mélange-effect chino shorts,,,navy blue concealed fly and button fastening belt loops classic five pockets logo patch to the rear ,"Outer: Cotton 38%, Polyester 29%, Linen/Flax 16%, Viscose 15%, Spandex/Elastane 2%

Lining: Cotton 100%",Machine Wash
https://cdn-images.farfetch-contents.com/29/84/90/55/29849055_59019005_1000.jpg,New Season,BOSS,H-Thompson T-shirt,,,light blue crew neck short sleeves short side slits ,"Lyocell 67%, Cotton 33%",Machine Wash
https://cdn-images.farfetch-contents.com/29/84/90/52/29849052_59018803_1000.jpg,New Season,BOSS,P-Hank shirt,,,light blue front button fastening buttoned-cuff sleeves dart detailing spread collar ,"Recycled Polyamide 87%, Spandex/Elastane 13%",Machine Wash
https://cdn-images.farfetch-contents.com/29/84/90/46/29849046_59018244_1000.jpg,New Season,BOSS,H-Kane trousers,,,almond beige concealed fly and button fastening belt loops two side slash pockets two rear welt pockets ,"Outer: Cotton 95%, Spandex/Elastane 5%

Lining: Polyester 65%, Cotton 35%",Machine Wash
https://cdn-images.farfetch-contents.com/29/84/90/42/29849042_59018416_1000.jpg,New Season,BOSS,waffle-knit shorts,,,pastel green elasticated drawstring waistband two side slash pockets logo patch to the rear ,"Outer: Cotton 78%, Polyamide 22%",Machine Wash
https://cdn-images.farfetch-contents.com/29/84/90/39/29849039_59018895_1000.jpg,New Season,BOSS,mélange-effect chino shorts,,,medium grey concealed fly and button fastening belt loops classic five pockets logo patch to the rear ,"Outer: Cotton 38%, Polyester 29%, Linen/Flax 16%, Viscose 15%, Spandex/Elastane 2%

Lining: Cotton 100%",Machine Wash
https://cdn-images.farfetch-contents.com/29/84/90/38/29849038_59021172_1000.jpg,New Season,BOSS,printed shirt,,,light beige front button fastening buttoned cuffs classic collar long sleeves ,"Recycled Polyamide 87%, Spandex/Elastane 13%",Machine Wash
https://cdn-images.farfetch-contents.com/29/84/86/47/29848647_59013300_1000.jpg,New Season,Comme des Garçons Homme Plus,panelled hoodie,,,black drawstring hood two side welt pockets drawstring hem ,"Polyester 100%, Cotton 100%",Hand Wash
https://cdn-images.farfetch-contents.com/29/84/86/26/29848626_59012771_1000.jpg,New Season,Comme des Garçons Homme Plus,single-breasted coat,,,black front button fastening chest welt pocket two side flap pockets buttoned-cuff sleeves ,"Lining: Nylon 100%

Outer: Nylon 100%",Machine Wash
https://cdn-images.farfetch-contents.com/29/84/84/73/29848473_59021484_1000.jpg,New Season,BOSS,Delaware jeans,,,light blue concealed fly and button fastening belt loops classic five pockets logo patch to the rear ,"Cotton 99%, Spandex/Elastane 1%",Machine Wash
https://cdn-images.farfetch-contents.com/29/84/84/69/29848469_59021844_1000.jpg,New Season,BOSS,Maine jeans,,,timberwolf grey concealed fly and button fastening belt loops classic five pockets logo patch to the rear ,"Cotton 92%, Elastomultiester 6%, Spandex/Elastane 2%",Machine Wash
https://cdn-images.farfetch-contents.com/29/84/84/68/29848468_59019208_1000.jpg,New Season,BOSS,H-Hank shirt,,,white front button fastening buttoned-cuff sleeves dart detailing cutaway collar ,Cotton 100%,Machine Wash
https://cdn-images.farfetch-contents.com/29/84/84/65/29848465_59018177_1000.jpg,New Season,BOSS,C-Perin trousers,,,midnight blue hook and zip fly fastening drawstring fastening waist two side slash pockets two rear welt pockets ,"Outer: Polyester 69%, Viscose 29%, Spandex/Elastane 3%

Lining: Polyester 65%, Cotton 35%",Dry Clean Only
https://cdn-images.farfetch-contents.com/29/84/84/64/29848464_59021372_1000.jpg,New Season,BOSS,striped shirt,,,light beige front button fastening buttoned cuffs classic collar long sleeves ,"Linen/Flax 57%, Lyocell 43%",Machine Wash
https://cdn-images.farfetch-contents.com/29/84/84/62/29848462_59021251_1000.jpg,New Season,BOSS,Keflo T-shirt,,,light beige ribbed cuffs and hem spread collar V-neck ,"Cotton 86%, Polyamide 14%",Machine Wash
https://cdn-images.farfetch-contents.com/29/84/84/60/29848460_59018081_1000.jpg,New Season,BOSS,Re.Maine jeans,,,light blue concealed fly and button fastening belt loops classic five pockets logo patch to the rear ,"Cotton 82%, Recycled Polyester 16%, Spandex/Elastane 2%",Machine Wash
https://cdn-images.farfetch-contents.com/23/97/42/46/23974246_59040639_1000.jpg,New Season,AMI Paris,Ami de Coeur T-shirt,,,"white organic cotton signature Ami de Coeur monogram motif crew neck short sleeves straight hem When buying this unisex item, keep in mind that it is graded in standard men's sizing. ",Organic Cotton 100%,Read Manufacturer Guidelines
https://cdn-images.farfetch-contents.com/19/59/52/14/19595214_43856971_1000.jpg, ,AMI Paris,Ami de Coeur short-sleeve T-shirt,,,"flamingo pink cotton jersey knit signature Ami de Coeur monogram motif embroidered logo at the chest embroidered logo to the rear crew neck drop shoulder short sleeves straight hem When buying this unisex item, keep in mind that it is graded in standard men's sizing. ",Cotton 100%,Read Manufacturer Guidelines
https://cdn-images.farfetch-contents.com/23/97/39/22/23973922_59021399_1000.jpg,New Season,AMI Paris,Ami de Coeur organic cotton T-shirt,,,"black/bright red organic cotton jersey texture signature Ami de Coeur monogram motif crew neck drop shoulder short sleeves straight hem When buying this unisex item, keep in mind that it is graded in standard men's sizing. ",Organic Cotton 100%,Read Manufacturer Guidelines
https://cdn-images.farfetch-contents.com/21/81/99/28/21819928_48163887_1000.jpg, ,AMI Paris,Ami De Coeur T-shirt,,,"light blue organic cotton signature Ami de Coeur monogram motif crew neck short sleeves straight hem When buying this unisex item, keep in mind that it is graded in standard men's sizing. ",Organic Cotton 100%,Read Manufacturer Guidelines
https://cdn-images.farfetch-contents.com/20/24/97/77/20249777_50502601_1000.jpg, ,AMI Paris,logo-embroidered cotton T-shirt ,,,"light grey cotton jersey knit embroidered logo crew neck short sleeves straight hem When buying this unisex item, keep in mind that it is graded in standard men's sizing. ",Cotton 100%,Read Manufacturer Guidelines
https://cdn-images.farfetch-contents.com/27/48/39/71/27483971_57262516_1000.jpg,New Season,FEAR OF GOD ESSENTIALS,jersey crew-neck T-shirt,,,"light grey logo print embellishment rubberised logo detail drop shoulder When buying this unisex item, keep in mind that it is graded in standard men's sizing. ",Cotton 100%,
https://cdn-images.farfetch-contents.com/27/18/70/46/27187046_57055615_1000.jpg,New Season,AMI Paris,Ami de Coeur cotton T-shirt,,,midnight blue embroidered logo to the rear crew neck short sleeves ,Organic Cotton 100%,Machine Wash
https://cdn-images.farfetch-contents.com/27/48/28/43/27482843_57262181_1000.jpg,New Season,FEAR OF GOD ESSENTIALS,jersey crew-neck T-shirt,,,"black logo print embellishment rubberised logo detail drop shoulder When buying this unisex item, keep in mind that it is graded in standard men's sizing. ",Outer: Cotton 100%,Read Manufacturer Guidelines
https://cdn-images.farfetch-contents.com/23/48/43/25/23484325_53434742_1000.jpg, ,Comme Des Garçons Play,logo-appliqué cotton T-shirt,,,"coral pink cotton appliqué logo crew neck short sleeves straight hem When buying this unisex item, keep in mind that it is graded in standard men's sizing. ",Body: Cotton 100%,
https://cdn-images.farfetch-contents.com/15/64/32/44/15643244_28520920_1000.jpg,New Season,TOM FORD,short-sleeve T-shirt,,,black cotton-blend  short sleeves crew neck straight hem ,"Cotton 95%, Elastane 5%",Machine Wash
https://cdn-images.farfetch-contents.com/27/49/42/01/27494201_57261902_1000.jpg,New Season,Casablanca,Le Passage T-shirt,,,white logo print embellishment graphic print to the rear ,Organic Cotton 100%,Machine Wash
https://cdn-images.farfetch-contents.com/24/95/90/48/24959048_55204631_1000.jpg,New Season,Represent,Owners Club T-shirt,,,white cotton lightweight jersey crew neck logo print at the chest graphic print to the rear straight hem ,Cotton 100%,Machine Wash
https://cdn-images.farfetch-contents.com/28/70/12/48/28701248_58076019_1000.jpg,New Season,Comme Des Garçons Shirt,logo-print T-shirt,,,black logo print at the chest crew neck short sleeves straight hem ,Cotton 100%,Read Manufacturer Guidelines
