product-link href,media-image__image src,product-link,money-amount__main,product-grid-product-info-colors__text
https://www.zara.com/de/en/herringbone-straight-leg-jeans-p00840418.html,https://static.zara.net/assets/public/6595/c88e/a7f24fa3b39b/f9d72ccd8e9f/00840418712-e1/00840418712-e1.jpg?ts=1744625938899&w=289,HERRINGBONE STRAIGHT-LEG JEANS,49.95 EUR,
https://www.zara.com/de/en/textured-knit-polo-shirt-p02142417.html,https://static.zara.net/assets/public/7084/aa0a/c2d743c19cf3/60033cdbfbdb/02142417712-e1/02142417712-e1.jpg?ts=1744702481297&w=289,TEXTURED KNIT POLO SHIRT,39.95 EUR,1
https://www.zara.com/de/en/double-breasted-button-blazer-p04518907.html,https://static.zara.net/assets/public/f488/4159/8bcd47c0a3b4/46ffec8174ca/04518907401-e1/04518907401-e1.jpg?ts=1744732438758&w=289,DOUBLE-BREASTED BUTTON BLAZER,119.00 EUR,
https://www.zara.com/de/en/100-linen-shirt-p03090123.html,https://static.zara.net/assets/public/cb01/791c/1d4d42a49f27/28b42db55f40/05070123800-e1/05070123800-e1.jpg?ts=1736432614999&w=289,100% LINEN SHIRT,45.95 EUR,3
https://www.zara.com/de/en/crochet-textured-shirt-p03772410.html,https://static.zara.net/assets/public/5dea/9479/a7684547ad1c/791c3486f911/03772410251-e1/03772410251-e1.jpg?ts=1741689002321&w=289,CROCHET TEXTURED SHIRT,39.95 EUR,1
https://www.zara.com/de/en/basic-slim-fit-t-shirt-p05584361.html,https://static.zara.net/assets/public/57eb/0774/96d649bd8a8d/91f58c58a250/05584401526-e1/05584401526-e1.jpg?ts=1744732411386&w=289,BASIC SLIM FIT T-SHIRT,12.95 EUR,7
https://www.zara.com/de/en/heavy-weight-t-shirt-p04087484.html,https://static.zara.net/assets/public/44d9/fb62/d0a04ef4b861/c2928ecc630d/04087484681-e1/04087484681-e1.jpg?ts=1744625963850&w=289,HEAVY WEIGHT T-SHIRT,22.95 EUR,1
https://www.zara.com/de/en/100-linen-shirt-p03090123.html,https://static.zara.net/assets/public/c23b/b00e/f48d49f6bcf6/28a333d03e17/05070123052-e1/05070123052-e1.jpg?ts=1736432624416&w=289,100% LINEN SHIRT,45.95 EUR,3
https://www.zara.com/de/en/heavy-weight-t-shirt-p04087484.html,https://static.zara.net/assets/public/2643/6a7f/5aef4dc7b38a/aa9a26b2c663/04087484251-e1/04087484251-e1.jpg?ts=1744702485094&w=289,HEAVY WEIGHT T-SHIRT,22.95 EUR,1
https://www.zara.com/de/en/100-linen-shirt-p03090123.html,https://static.zara.net/assets/public/1b1d/2179/ca0048b194b8/8f3ade009bb9/05070123737-e1/05070123737-e1.jpg?ts=1736432626330&w=289,100% LINEN SHIRT,45.95 EUR,3
https://www.zara.com/de/en/100-linen-shirt-p03090123.html,https://static.zara.net/assets/public/12b2/6192/d49e4a28852d/083ffd498d54/05070123250-e1/05070123250-e1.jpg?ts=1736432631541&w=289,100% LINEN SHIRT,45.95 EUR,3
https://www.zara.com/de/en/linen-cotton-polo-shirt-p04853411.html,https://static.zara.net/assets/public/c0ae/aef9/3a16446f80eb/23e84634b885/04853411401-e1/04853411401-e1.jpg?ts=1744702489391&w=289,LINEN/COTTON POLO SHIRT,39.95 EUR,
https://www.zara.com/de/en/100-linen-bermuda-shorts-p05070118.html,https://static.zara.net/assets/public/c8f0/95d9/f4994782b67d/2032e69ed6e9/05070121052-e1/05070121052-e1.jpg?ts=1737112472506&w=289,100% LINEN BERMUDA SHORTS,39.95 EUR,3
https://www.zara.com/de/en/100-linen-bermuda-shorts-p05070118.html,https://static.zara.net/assets/public/4260/2fea/d41e4775a4f3/534e390d0075/05070121800-e1/05070121800-e1.jpg?ts=1737112472776&w=289,100% LINEN BERMUDA SHORTS,39.95 EUR,3
https://www.zara.com/de/en/pinstripe-suit-blazer-p04515908.html,https://static.zara.net/assets/public/f7f9/982f/688645f4a209/37a873dcf4c0/04515908401-e1/04515908401-e1.jpg?ts=1744732430107&w=289,PINSTRIPE SUIT BLAZER,99.95 EUR,
https://www.zara.com/de/en/pinstriped-suit-trousers-p04516908.html,https://static.zara.net/assets/public/cfcb/bc53/432149e1b499/25e108b455eb/04516908401-e1/04516908401-e1.jpg?ts=1744732428833&w=289,PINSTRIPED SUIT TROUSERS,49.95 EUR,
https://www.zara.com/de/en/100-linen-bermuda-shorts-p05070118.html,https://static.zara.net/assets/public/7fb4/a7c6/db804d8da41c/48522eaa584b/05070121737-e1/05070121737-e1.jpg?ts=1737112472798&w=289,100% LINEN BERMUDA SHORTS,39.95 EUR,3
https://www.zara.com/de/en/flare-fit-jeans-p05585444.html,https://static.zara.net/assets/public/c2ec/10fe/7c39423f9090/495a6884efd6/00840445400-e1/00840445400-e1.jpg?ts=1744112945477&w=289,FLARE FIT JEANS,49.95 EUR,5
https://www.zara.com/de/en/relaxed-fit-seersucker-trousers-p04092437.html,https://static.zara.net/assets/public/6daa/251c/67d145949a65/344cdaab6964/04092437043-e1/04092437043-e1.jpg?ts=1744212346001&w=289,RELAXED FIT SEERSUCKER TROUSERS,39.95 EUR,1
https://www.zara.com/de/en/basic-trainers-p12200520.html,https://static.zara.net/assets/public/c3fc/5732/1b27442dbbbe/ea3751c51119/12200520001-e1/12200520001-e1.jpg?ts=1728569702955&w=289,BASIC TRAINERS,29.95 EUR,5
https://www.zara.com/de/en/classic-flare-fit-jeans-p00840439.html,https://static.zara.net/assets/public/ce32/f7d2/8b574a1d8f2c/1a1728072510/00840439406-e1/00840439406-e1.jpg?ts=1744112921482&w=289,CLASSIC FLARE FIT JEANS,49.95 EUR,1
https://www.zara.com/de/en/relaxed-fit-raised-shirt-p00881412.html,https://static.zara.net/assets/public/9294/7530/3a1e4f7d8829/e387f9a29dbd/00881412102-e1/00881412102-e1.jpg?ts=1744112895706&w=289,RELAXED FIT RAISED SHIRT,49.95 EUR,
https://www.zara.com/de/en/relaxed-fit-bermuda-shorts-p09252406.html,https://static.zara.net/assets/public/8f06/80f9/52bb41bf854b/17e43571bb05/09252406806-e1/09252406806-e1.jpg?ts=1736847182181&w=289,RELAXED FIT BERMUDA SHORTS,29.95 EUR,3
https://www.zara.com/de/en/relaxed-fit-bermuda-shorts-p09252406.html,https://static.zara.net/assets/public/2f82/054a/be4f49bea266/7c5257525dd6/09252406800-e1/09252406800-e1.jpg?ts=1736847183990&w=289,RELAXED FIT BERMUDA SHORTS,29.95 EUR,3
https://www.zara.com/de/en/relaxed-fit-bermuda-shorts-p09252406.html,https://static.zara.net/assets/public/02cd/7e89/2d624615a685/86c82895dab4/09252406707-e1/09252406707-e1.jpg?ts=1736847175745&w=289,RELAXED FIT BERMUDA SHORTS,29.95 EUR,3
https://www.zara.com/de/en/relaxed-fit-bermuda-shorts-p09252406.html,https://static.zara.net/assets/public/ad87/484b/8967480fa632/cc6f87a2e9c3/09252406500-e1/09252406500-e1.jpg?ts=1736847177408&w=289,RELAXED FIT BERMUDA SHORTS,29.95 EUR,3
https://www.zara.com/de/en/100-linen-pleated-trousers-p04410234.html,https://static.zara.net/assets/public/2db4/ea5c/8fc0455e8d25/bd7f13e67435/04410234052-e1/04410234052-e1.jpg?ts=1743693212128&w=289,100% LINEN PLEATED TROUSERS,49.95 EUR,3
https://www.zara.com/de/en/basic-slim-fit-t-shirt-p05584361.html,https://static.zara.net/assets/public/369c/031d/d4884682a8cd/d4730b777104/05584401403-e1/05584401403-e1.jpg?ts=1743693147365&w=289,BASIC SLIM FIT T-SHIRT,12.95 EUR,7
https://www.zara.com/de/en/100-linen-pleated-trousers-p04410234.html,https://static.zara.net/assets/public/114e/fbf6/bbc4477eb754/68a504ab33a0/04410234250-e1/04410234250-e1.jpg?ts=1743693203485&w=289,100% LINEN PLEATED TROUSERS,49.95 EUR,3
https://www.zara.com/de/en/textured-crochet-shirt-p07200420.html,https://static.zara.net/assets/public/880c/a35f/a2d94e508018/e4436732cb94/07200420400-e1/07200420400-e1.jpg?ts=1741163750508&w=289,TEXTURED CROCHET SHIRT,49.95 EUR,2
https://www.zara.com/de/en/regular-fit-cotton-jacket-p04725343.html,https://static.zara.net/assets/public/f7f6/9cfb/a6bb4c598154/30c7e7dffe60/04725343401-e1/04725343401-e1.jpg?ts=1743520049793&w=289,REGULAR FIT COTTON JACKET,49.95 EUR,2
https://www.zara.com/de/en/baggy-fit-bermuda-jorts-p04365409.html,https://static.zara.net/assets/public/d14e/09fb/42794eca8fef/126c88760cdb/04365409427-e1/04365409427-e1.jpg?ts=1743519998720&w=289,BAGGY-FIT BERMUDA JORTS,39.95 EUR,
https://www.zara.com/de/en/textured-crochet-shirt-p07200420.html,https://static.zara.net/assets/public/b5d1/b48a/2ffc4a8a9257/fffee9e531e3/07200420064-e1/07200420064-e1.jpg?ts=1741163756714&w=289,TEXTURED CROCHET SHIRT,49.95 EUR,2
https://www.zara.com/de/en/cotton-lyocell-pleated-trousers-p06861419.html,https://static.zara.net/assets/public/6eaf/98b3/f941425ab03c/b443ff9aefba/06861419401-e1/06861419401-e1.jpg?ts=1743578361649&w=289,COTTON/LYOCELL PLEATED TROUSERS,49.95 EUR,
https://www.zara.com/de/en/floral-print-shirt-p04622300.html,https://static.zara.net/assets/public/02cd/8efd/9a3a4eb7bf33/5314949b3aaf/04622300403-e1/04622300403-e1.jpg?ts=1743520022805&w=289,FLORAL PRINT SHIRT,39.95 EUR,
https://www.zara.com/de/en/regular-fit-cotton-jacket-p04725343.html,https://static.zara.net/assets/public/65aa/9f18/a1294fa6b5d6/edb1268bb13f/04725343052-e1/04725343052-e1.jpg?ts=1743520050921&w=289,REGULAR FIT COTTON JACKET,49.95 EUR,2
https://www.zara.com/de/en/casual-leather-loafers-p12613520.html,https://static.zara.net/assets/public/3fed/04ab/bf9c4dad83fb/c9f4749d9c97/12613525800-e1/12613525800-e1.jpg?ts=1743071122478&w=289,CASUAL LEATHER LOAFERS,59.95 EUR,4
https://www.zara.com/de/en/textured-jacquard-shirt-p02878310.html,https://static.zara.net/assets/public/c643/a3c0/00ce4dc18cfe/e47d17e12cb8/02878310710-e1/02878310710-e1.jpg?ts=1742224745844&w=289,TEXTURED JACQUARD SHIRT,45.95 EUR,2
https://www.zara.com/de/en/geometric-jacquard-shirt-p01618375.html,https://static.zara.net/assets/public/25e4/89de/30304fda9904/f5eee7131a74/01618375800-e1/01618375800-e1.jpg?ts=1739892763451&w=289,GEOMETRIC JACQUARD SHIRT,39.95 EUR,1
https://www.zara.com/de/en/wide-fit-jogging-trousers-p00761440.html,https://static.zara.net/assets/public/847c/a423/a419400aae62/f625467ce909/00761440803-e1/00761440803-e1.jpg?ts=1743094097738&w=289,WIDE FIT JOGGING TROUSERS,29.95 EUR,2
https://www.zara.com/de/en/geometric-print-jacquard-bermuda-shorts-p01618376.html,https://static.zara.net/assets/public/ba0c/7dc5/e0d54514842f/de8358259495/01618376800-e1/01618376800-e1.jpg?ts=1739892766956&w=289,GEOMETRIC PRINT JACQUARD BERMUDA SHORTS,39.95 EUR,1
https://www.zara.com/de/en/limited-edition-suede-leather-jacket-p04416403.html,https://static.zara.net/assets/public/028f/3d6e/32a24237a90e/a4b1e91df0f5/04416403510-e1/04416403510-e1.jpg?ts=1742465945597&w=289,LIMITED EDITION SUEDE LEATHER JACKET,199.00 EUR,
https://www.zara.com/de/en/vertical-textured-polo-shirt-p00526460.html,https://static.zara.net/assets/public/d19e/b123/33944a4d971a/9d0e735c3d00/00526460428-e1/00526460428-e1.jpg?ts=1741163756068&w=289,VERTICAL TEXTURED POLO SHIRT,25.95 EUR,6
https://www.zara.com/de/en/textured-jogger-bermuda-shorts-p03992406.html,https://static.zara.net/assets/public/7011/0549/48814fdab250/d0d5c21210bd/03992406800-e1/03992406800-e1.jpg?ts=1736952695358&w=289,TEXTURED JOGGER BERMUDA SHORTS,29.95 EUR,4
https://www.zara.com/de/en/textured-jogger-bermuda-shorts-p03992406.html,https://static.zara.net/assets/public/db36/3b44/be984fcb9bf3/0b28b3cc042d/03992406922-e1/03992406922-e1.jpg?ts=1736952835880&w=289,TEXTURED JOGGER BERMUDA SHORTS,29.95 EUR,4
https://www.zara.com/de/en/pearl-knit-polo-shirt-with-zip-p03284446.html,https://static.zara.net/assets/public/8da6/a7b5/46fa4cee9f78/2c6ad9336152/03284446306-e1/03284446306-e1.jpg?ts=1736330728108&w=289,PEARL KNIT POLO SHIRT WITH ZIP,39.95 EUR,3
https://www.zara.com/de/en/zip-up-flowing-jacket-p01437408.html,https://static.zara.net/assets/public/0310/3ec1/951c4f7fb769/0172ac153a1e/01437408422-e1/01437408422-e1.jpg?ts=1742224746337&w=289,ZIP-UP FLOWING JACKET,59.95 EUR,
https://www.zara.com/de/en/leather-effect-overshirt-p05070308.html,https://static.zara.net/assets/public/f432/ff1a/72654452b77d/658336dc7537/05070608506-e1/05070608506-e1.jpg?ts=1742224742901&w=289,LEATHER EFFECT OVERSHIRT,39.95 EUR,2
https://www.zara.com/de/en/relaxed-fit-flowing-shirt-p07545400.html,https://static.zara.net/assets/public/fe8b/5f1d/e09f4aca95c8/70cbbb1f96d0/07545400250-e1/07545400250-e1.jpg?ts=1731488410657&w=289,RELAXED FIT FLOWING SHIRT,39.95 EUR,1
https://www.zara.com/de/en/straight-leg-denim-bermuda-shorts-p08062480.html,https://static.zara.net/assets/public/85f5/b3a2/1dd84ba29285/cce6451cbfd7/08062480427-e1/08062480427-e1.jpg?ts=1741853726420&w=289,STRAIGHT-LEG DENIM BERMUDA SHORTS,29.95 EUR,5
https://www.zara.com/de/en/relaxed-fit-flowing-shirt-p07545400.html,https://static.zara.net/assets/public/5c4e/5f53/0d2b423889bc/81365369233a/07545400800-e1/07545400800-e1.jpg?ts=1731488410665&w=289,RELAXED FIT FLOWING SHIRT,39.95 EUR,1
https://www.zara.com/de/en/straight-fit-jeans-with-topstitching-p07223401.html,https://static.zara.net/assets/public/e3b0/560a/e3a84c5cb96d/166541a79d62/07223401405-e1/07223401405-e1.jpg?ts=1741950376279&w=289,STRAIGHT FIT JEANS WITH TOPSTITCHING,49.95 EUR,
https://www.zara.com/de/en/straight-leg-denim-bermuda-shorts-p08062480.html,https://static.zara.net/assets/public/d877/b5cc/a05849f9ba11/fc1e73d379d5/08062480822-e1/08062480822-e1.jpg?ts=1741853725616&w=289,STRAIGHT-LEG DENIM BERMUDA SHORTS,29.95 EUR,5
https://www.zara.com/de/en/suede-leather-overshirt-p04416308.html,https://static.zara.net/assets/public/f28a/1837/433e4e6e9cc7/970304568095/04416308716-e1/04416308716-e1.jpg?ts=1741853722811&w=289,SUEDE LEATHER OVERSHIRT,179.00 EUR,
https://www.zara.com/de/en/baggy-fit-denim-bermuda-shorts-p05585400.html,https://static.zara.net/assets/public/9ba5/dd83/fb154d6e954d/887aed204414/05585400400-e1/05585400400-e1.jpg?ts=1740472868493&w=289,BAGGY FIT DENIM BERMUDA SHORTS,39.95 EUR,2
https://www.zara.com/de/en/100-linen-trousers-p01063303.html,https://static.zara.net/assets/public/a664/a140/c56f4785b48d/27912cf7e2a8/01063303052-e1/01063303052-e1.jpg?ts=1741688960308&w=289,100% LINEN TROUSERS,49.95 EUR,1
https://www.zara.com/de/en/leather-penny-loafers-p12617520.html,https://static.zara.net/assets/public/4717/fed5/a96f4daba5a3/3615915b53e0/12617520700-e1/12617520700-e1.jpg?ts=1740487172641&w=289,LEATHER PENNY LOAFERS,79.95 EUR,
https://www.zara.com/de/en/regular-fit-chino-trousers-p00706869.html,https://static.zara.net/assets/public/585b/1ab3/0fa040e49b93/87406465a3cf/00706869800-e1/00706869800-e1.jpg?ts=1741688978870&w=289,REGULAR FIT CHINO TROUSERS,39.95 EUR,3
https://www.zara.com/de/en/baggy-fit-denim-bermuda-shorts-p05585400.html,https://static.zara.net/assets/public/8c2d/4b40/c4bf4af6b66d/50623fece06b/05585400407-e1/05585400407-e1.jpg?ts=1740472925822&w=289,BAGGY FIT DENIM BERMUDA SHORTS,39.95 EUR,2
https://www.zara.com/de/en/baggy-fit-denim-bermuda-shorts-p05585400.html,https://static.zara.net/assets/public/6e62/69fc/572c415087ae/00db924d4c41/00774401800-e1/00774401800-e1.jpg?ts=1740472918223&w=289,BAGGY FIT DENIM BERMUDA SHORTS,39.95 EUR,2
https://www.zara.com/de/en/slim-fit-comfort-trousers-p06861441.html,https://static.zara.net/assets/public/124b/1611/35d540cebda6/4bd4ee6c0c08/06861441812-e1/06861441812-e1.jpg?ts=1741342469203&w=289,SLIM FIT COMFORT TROUSERS,39.95 EUR,6
https://www.zara.com/de/en/ribbed-knit-polo-shirt-p07140410.html,https://static.zara.net/assets/public/7d06/54d6/20b74b9090a1/62be2e7fb36e/07140410251-e1/07140410251-e1.jpg?ts=1741281769681&w=289,RIBBED KNIT POLO SHIRT,39.95 EUR,2
https://www.zara.com/de/en/ribbed-knit-polo-shirt-p07140410.html,https://static.zara.net/assets/public/5ce8/0206/b3654ada885c/6a97082429f6/07140410700-e1/07140410700-e1.jpg?ts=1741281771197&w=289,RIBBED KNIT POLO SHIRT,39.95 EUR,2
https://www.zara.com/de/en/ribbed-knit-polo-shirt-p07140410.html,https://static.zara.net/assets/public/b1cd/f273/d0ec425c8e52/90f00e9b5cc6/07140410401-e1/07140410401-e1.jpg?ts=1741281768363&w=289,RIBBED KNIT POLO SHIRT,39.95 EUR,2
https://www.zara.com/de/en/baggy-fit-denim-bermuda-shorts-p04806406.html,https://static.zara.net/assets/public/55bd/d184/dbac4d0fb934/9fbf491bc9f0/04806406406-e1/04806406406-e1.jpg?ts=1741339483789&w=289,BAGGY FIT DENIM BERMUDA SHORTS,39.95 EUR,4
https://www.zara.com/de/en/regular-seersucker-swimming-trunks-p08574405.html,https://static.zara.net/assets/public/6f9a/798d/ef284eca9dd1/d6f5c001921e/08574405403-e1/08574405403-e1.jpg?ts=1732790499529&w=289,REGULAR SEERSUCKER SWIMMING TRUNKS,29.95 EUR,5
https://www.zara.com/de/en/basic-long-swimming-trunks-p08574424.html,https://static.zara.net/assets/public/3631/52f5/a6114fb38a38/4d1af29b2928/08574424800-e1/08574424800-e1.jpg?ts=1741351798610&w=289,BASIC LONG SWIMMING TRUNKS,25.95 EUR,1
https://www.zara.com/de/en/regular-seersucker-swimming-trunks-p08574405.html,https://static.zara.net/assets/public/c252/e013/d6e14de4992d/0570845350c2/08574405506-e1/08574405506-e1.jpg?ts=1737708190939&w=289,REGULAR SEERSUCKER SWIMMING TRUNKS,29.95 EUR,5
https://www.zara.com/de/en/textured-polo-shirt-p04092400.html,https://static.zara.net/assets/public/17d4/99d0/1770447a9ce4/259f915b1894/04092400526-e1/04092400526-e1.jpg?ts=1735901731320&w=289,TEXTURED POLO SHIRT,25.95 EUR,5
https://www.zara.com/de/en/textured-knit-polo-shirt-p03332405.html,https://static.zara.net/assets/public/c239/fec2/bfc54bad8259/1ba09d079725/03332405620-e1/03332405620-e1.jpg?ts=1739892774065&w=289,TEXTURED KNIT POLO SHIRT,39.95 EUR,3
https://www.zara.com/de/en/contrast-relaxed-fit-jacket-p03286407.html,https://static.zara.net/assets/public/788e/7123/46b44da5a006/74ff6d10ab24/03286407832-e1/03286407832-e1.jpg?ts=1741163652298&w=289,CONTRAST RELAXED FIT JACKET,69.95 EUR,
https://www.zara.com/de/en/textured-knit-polo-shirt-p03332405.html,https://static.zara.net/assets/public/cc59/fa5d/be174cb3a6db/4394eb297592/03332405712-e1/03332405712-e1.jpg?ts=1739892774320&w=289,TEXTURED KNIT POLO SHIRT,39.95 EUR,3
https://www.zara.com/de/en/linen-trousers-p04410010.html,https://static.zara.net/assets/public/8cf5/2916/21814b48abfd/4ce22c2c3393/05070211711-e1/05070211711-e1.jpg?ts=1740672434795&w=289,LINEN TROUSERS,49.95 EUR,5
https://www.zara.com/de/en/slim-fit-jeans-p00774340.html,https://static.zara.net/assets/public/e933/f637/91d8443d98c5/ba008afb94ab/04806450436-e1/04806450436-e1.jpg?ts=1740673267403&w=289,SLIM FIT JEANS,29.95 EUR,9
https://www.zara.com/de/en/slim-fit-jeans-p00774340.html,https://static.zara.net/assets/public/35b7/0c99/f4e3466eb7af/ff67a1208805/00774452712-e1/00774452712-e1.jpg?ts=1740673302625&w=289,SLIM FIT JEANS,29.95 EUR,9
https://www.zara.com/de/en/100-linen-trousers-p04410010.html,https://static.zara.net/assets/public/0b12/8133/a13740d890c2/6d089b8d3f59/05070210731-e1/05070210731-e1.jpg?ts=1740743893253&w=289,100% LINEN TROUSERS,49.95 EUR,5
https://www.zara.com/de/en/knit-cotton---silk-polo-shirt-p00077412.html,https://static.zara.net/assets/public/5ff3/e887/d7824daba230/428fc83301cb/00077412707-e1/00077412707-e1.jpg?ts=1740672899057&w=289,KNIT COTTON - SILK POLO SHIRT,45.95 EUR,3
https://www.zara.com/de/en/relaxed-straight-leg-jeans-p03991477.html,https://static.zara.net/assets/public/18d0/4544/75f54e4aac38/b9ad0db99b0d/03991477400-e1/03991477400-e1.jpg?ts=1740672285470&w=289,RELAXED STRAIGHT-LEG JEANS,49.95 EUR,2
https://www.zara.com/de/en/relaxed-fit-pleated-trousers-p06861554.html,https://static.zara.net/assets/public/da95/7361/ea604add9ba7/c6765a172ab4/06861554707-e1/06861554707-e1.jpg?ts=1740486544686&w=289,RELAXED FIT PLEATED TROUSERS,49.95 EUR,2
https://www.zara.com/de/en/slim-fit-tapered-jeans-p04060475.html,https://static.zara.net/assets/public/8282/a4c0/a14a4d8385f7/c58da93fcaaf/04060475400-e1/04060475400-e1.jpg?ts=1740473055881&w=289,SLIM FIT TAPERED JEANS,39.95 EUR,3
https://www.zara.com/de/en/boxy-fit-overshirt-p07484553.html,https://static.zara.net/assets/public/008c/7e2c/2efd4184b1a6/f60343114e34/06861553707-e1/06861553707-e1.jpg?ts=1740486551096&w=289,BOXY FIT OVERSHIRT,59.95 EUR,2
https://www.zara.com/de/en/slim-fit-tapered-jeans-p04060475.html,https://static.zara.net/assets/public/cd6f/4183/97cf4ce1a6ff/e3e0cd81ef9b/04060475802-e1/04060475802-e1.jpg?ts=1740472947619&w=289,SLIM FIT TAPERED JEANS,39.95 EUR,3
https://www.zara.com/de/en/comfort-bermuda-shorts-p02634551.html,https://static.zara.net/assets/public/a4a3/057c/4ccd41ee93ac/a10712df2d53/00347873711-e1/00347873711-e1.jpg?ts=1737647643805&w=289,COMFORT BERMUDA SHORTS,25.95 EUR,4
https://www.zara.com/de/en/washed-relaxed-fit-sweatshirt-p00962421.html,https://static.zara.net/assets/public/c47d/8b13/2caa4b049684/8eccc581a1dd/00962421898-e1/00962421898-e1.jpg?ts=1736411412501&w=289,WASHED RELAXED FIT SWEATSHIRT,29.95 EUR,3
https://www.zara.com/de/en/100-linen-shirt-p03090010.html,https://static.zara.net/assets/public/ebd6/bfbf/b4e74e8b8c67/f1510b88b2ff/03090475052-e1/03090475052-e1.jpg?ts=1731342865687&w=289,100% LINEN SHIRT,45.95 EUR,6
https://www.zara.com/de/en/100-linen-shirt-p03090010.html,https://static.zara.net/assets/public/3556/f6a2/6a4e48c9b65b/b91c9a051251/03090010250-000-e1/03090010250-000-e1.jpg?ts=1737534767121&w=289,100% LINEN SHIRT,45.95 EUR,6
https://www.zara.com/de/en/100-linen-shirt-p03090010.html,https://static.zara.net/assets/public/97a1/57ad/8d3948d3a4a0/af6829a752c1/03090475403-e1/03090475403-e1.jpg?ts=1731342864977&w=289,100% LINEN SHIRT,45.95 EUR,6
https://www.zara.com/de/en/100-linen-shirt-p03090010.html,https://static.zara.net/assets/public/9f94/b19d/03024644b5cd/099d7506e4ef/03090010401-e1/03090010401-e1.jpg?ts=1739459890474&w=289,100% LINEN SHIRT,45.95 EUR,6
https://www.zara.com/de/en/textured-check-shirt-p06103440.html,https://static.zara.net/assets/public/844a/bdf1/3f4d43e9a332/ca9dd8300241/06103440700-e1/06103440700-e1.jpg?ts=1740133313339&w=289,TEXTURED CHECK SHIRT,39.95 EUR,
https://www.zara.com/de/en/patchwork-flare-fit-jeans-p04048434.html,https://static.zara.net/assets/public/a184/04ad/b2d94ebeab04/a73b4930667a/04048434427-e1/04048434427-e1.jpg?ts=1739876075430&w=289,PATCHWORK FLARE FIT JEANS,49.95 EUR,
https://www.zara.com/de/en/easy-care-jogger-waist-trousers-p00706870.html,https://static.zara.net/assets/public/5b49/efcb/668640db9b3c/3a5949827413/07484870814-e1/07484870814-e1.jpg?ts=1739952448485&w=289,EASY CARE JOGGER WAIST TROUSERS,29.95 EUR,8
https://www.zara.com/de/en/textured-comfort-trousers-p00706648.html,https://static.zara.net/assets/public/62dd/3b45/a550420ab937/4638b65fdf92/00706650983-e1/00706650983-e1.jpg?ts=1739876112135&w=289,TEXTURED COMFORT TROUSERS,39.95 EUR,8
https://www.zara.com/de/en/straight-leg-jeans-p08062410.html,https://static.zara.net/assets/public/9a94/5ef4/d7754d05b92d/97726d9d076d/08062410407-e1/08062410407-e1.jpg?ts=1739376677575&w=289,STRAIGHT-LEG JEANS,39.95 EUR,5
https://www.zara.com/de/en/slim-fit-comfort-trousers-p06861441.html,https://static.zara.net/assets/public/aae4/a075/143547178fba/5a13b3f33338/06861441801-e1/06861441801-e1.jpg?ts=1739457905408&w=289,SLIM FIT COMFORT TROUSERS,39.95 EUR,6
https://www.zara.com/de/en/textured-comfort-trousers-p00706648.html,https://static.zara.net/assets/public/66ce/2b19/cd724cccb044/2006df3030e2/00706650720-e1/00706650720-e1.jpg?ts=1739459885557&w=289,TEXTURED COMFORT TROUSERS,39.95 EUR,8
https://www.zara.com/de/en/textured-comfort-overshirt-p04333400.html,https://static.zara.net/assets/public/ea1e/1b3e/fa4b4c81a55d/157badb0e4e3/04333400800-e1/04333400800-e1.jpg?ts=1736411412729&w=289,TEXTURED COMFORT OVERSHIRT,49.95 EUR,2
https://www.zara.com/de/en/leather-effect-jacket-p08281401.html,https://static.zara.net/assets/public/db00/fcd8/0c694a2982a5/96ed482b4741/08281401800-e1/08281401800-e1.jpg?ts=1739196976423&w=289,LEATHER EFFECT JACKET,49.95 EUR,1
https://www.zara.com/de/en/jacket-with-bound-seams-p03046360.html,https://static.zara.net/assets/public/6e0a/418f/be9440869b9c/7664b7c13a8e/03046360800-e1/03046360800-e1.jpg?ts=1739204506022&w=289,JACKET WITH BOUND SEAMS,69.95 EUR,1
https://www.zara.com/de/en/cropped-fit-jacket-p04272272.html,https://static.zara.net/assets/public/639b/e5fa/41d84288aa73/050b6625999f/04272272505-e1/04272272505-e1.jpg?ts=1739204513049&w=289,CROPPED FIT JACKET,69.95 EUR,
https://www.zara.com/de/en/leather-effect-jacket-p08281401.html,https://static.zara.net/assets/public/b7c4/5cb9/d71144a0a2c0/ae1aa82b6447/08281401811-e1/08281401811-e1.jpg?ts=1739204537360&w=289,LEATHER EFFECT JACKET,49.95 EUR,1
https://www.zara.com/de/en/straight-leg-jeans-p08062410.html,https://static.zara.net/assets/public/1662/d7fc/3a8244978a1d/42a4424c9aa2/04365420822-e1/04365420822-e1.jpg?ts=1738841337155&w=289,STRAIGHT-LEG JEANS,39.95 EUR,5
https://www.zara.com/de/en/relaxed-fit-zip-up-overshirt-p08574370.html,https://static.zara.net/assets/public/3895/c330/efac4bdea9e8/82798aa8031d/08574370710-e1/08574370710-e1.jpg?ts=1738858713699&w=289,RELAXED FIT ZIP-UP OVERSHIRT,49.95 EUR,2
https://www.zara.com/de/en/relaxed-fit-zip-up-overshirt-p08574370.html,https://static.zara.net/assets/public/f42d/1d40/db3a4c7998ae/f1773234d55b/08574370800-e1/08574370800-e1.jpg?ts=1738858714686&w=289,RELAXED FIT ZIP-UP OVERSHIRT,49.95 EUR,2
https://www.zara.com/de/en/basic-ribbed-tank-top-p04087453.html,https://static.zara.net/assets/public/68c4/a20d/020a4b178432/e84bc2a4cf38/04087453250-e1/04087453250-e1.jpg?ts=1737019013861&w=289,BASIC RIBBED TANK TOP,15.95 EUR,2
https://www.zara.com/de/en/straight-leg-jeans-p08062410.html,https://static.zara.net/assets/public/aba7/d678/b6f94c31b427/eedd4c1c7e35/04048410427-e1/04048410427-e1.jpg?ts=1738841336910&w=289,STRAIGHT-LEG JEANS,39.95 EUR,5
https://www.zara.com/de/en/basic-ribbed-tank-top-p04087453.html,https://static.zara.net/assets/public/b8f6/e36d/3aeb4f96903c/ad8dd7e81a05/04087453800-e1/04087453800-e1.jpg?ts=1737019023571&w=289,BASIC RIBBED TANK TOP,15.95 EUR,2
https://www.zara.com/de/en/straight-leg-jeans-p08062410.html,https://static.zara.net/assets/public/3b92/1bb5/8d074f6baf92/384bac8cd563/08062410406-e1/08062410406-e1.jpg?ts=1738841344987&w=289,STRAIGHT-LEG JEANS,39.95 EUR,5
https://www.zara.com/de/en/relaxed-fit-zip-up-overshirt-p08574370.html,https://static.zara.net/assets/public/56c7/7485/be0743b7bc94/a2be0c9bb750/08574370916-e1/08574370916-e1.jpg?ts=1738858717704&w=289,RELAXED FIT ZIP-UP OVERSHIRT,49.95 EUR,2
https://www.zara.com/de/en/pearl-knit-polo-shirt-with-zip-p03284446.html,https://static.zara.net/assets/public/484c/66ad/a8264027b674/23bd82ec42d7/03284446712-e1/03284446712-e1.jpg?ts=1736330728328&w=289,PEARL KNIT POLO SHIRT WITH ZIP,39.95 EUR,3
https://www.zara.com/de/en/pearl-knit-polo-shirt-with-zip-p03284446.html,https://static.zara.net/assets/public/d650/ab18/66154e12ba48/4fdf982c65eb/03284446506-e1/03284446506-e1.jpg?ts=1736330728130&w=289,PEARL KNIT POLO SHIRT WITH ZIP,39.95 EUR,3
https://www.zara.com/de/en/pearl-knit-polo-shirt-with-zip-p03284446.html,https://static.zara.net/assets/public/43d4/2014/ba914006890c/2f4091355c02/03284446401-e1/03284446401-e1.jpg?ts=1736330727743&w=289,PEARL KNIT POLO SHIRT WITH ZIP,39.95 EUR,3
https://www.zara.com/de/en/slim-fit-suit-trousers-p04426254.html,https://static.zara.net/assets/public/daa6/8c8a/bef741ad82d2/26451723984a/04426909081-e1/04426909081-e1.jpg?ts=1739440595934&w=289,SLIM FIT SUIT TROUSERS,39.95 EUR,1
https://www.zara.com/de/en/slim-fit-suit-blazer-p04425254.html,https://static.zara.net/assets/public/46d8/e129/d9fc4963a646/5f3f367e53ce/04425254081-e1/04425254081-e1.jpg?ts=1740474162692&w=289,SLIM FIT SUIT BLAZER,79.95 EUR,1
https://www.zara.com/de/en/wide-fit-pleated-trousers-p05070802.html,https://static.zara.net/assets/public/bb77/e0e8/fad74e76ab48/c5b6e2dcc50e/05070802800-e1/05070802800-e1.jpg?ts=1738676736241&w=289,WIDE FIT PLEATED TROUSERS,39.95 EUR,1
https://www.zara.com/de/en/technical-trainers-p12336520.html,https://static.zara.net/assets/public/2905/9de0/351e486b99a2/a951064e09e0/12336520202-e1/12336520202-e1.jpg?ts=1738165133312&w=289,TECHNICAL TRAINERS,55.95 EUR,2
https://www.zara.com/de/en/slim-fit-suit-blazer-p04425254.html,https://static.zara.net/assets/public/58e2/0c79/3e394087875d/fbb3ff29a370/04425254403-e1/04425254403-e1.jpg?ts=1739440590406&w=289,SLIM FIT SUIT BLAZER,79.95 EUR,1
https://www.zara.com/de/en/slim-fit-suit-trousers-p04426254.html,https://static.zara.net/assets/public/43e0/a51f/b91d4e2286a9/b3ad3a08154a/04426254403-e1/04426254403-e1.jpg?ts=1739440591642&w=289,SLIM FIT SUIT TROUSERS,39.95 EUR,1
https://www.zara.com/de/en/contrast-collar-jacket-p06987411.html,https://static.zara.net/assets/public/dde9/85d9/d81a491eac1f/5431108837ce/06987411800-e1/06987411800-e1.jpg?ts=1738657991022&w=289,CONTRAST COLLAR JACKET,59.95 EUR,1
https://www.zara.com/de/en/cotton-linen-trousers-p08574303.html,https://static.zara.net/assets/public/d351/247d/ba97472d8a33/998f04be7cf2/08574303052-e1/08574303052-e1.jpg?ts=1738065375145&w=289,COTTON/LINEN TROUSERS,45.95 EUR,3
https://www.zara.com/de/en/flare-fit-jeans-p05585444.html,https://static.zara.net/assets/public/b613/a3c2/a1ea4bd2a563/5637c66c48d0/05585444802-e1/05585444802-e1.jpg?ts=1739892631358&w=289,FLARE FIT JEANS,49.95 EUR,5
https://www.zara.com/de/en/flare-fit-jeans-p05585444.html,https://static.zara.net/assets/public/8a7c/801a/ac89492eafbc/9522fc644fdf/05585444800-e1/05585444800-e1.jpg?ts=1739892509889&w=289,FLARE FIT JEANS,49.95 EUR,5
https://www.zara.com/de/en/relaxed-fit-knit-t-shirt-p05536431.html,https://static.zara.net/assets/public/e983/cf25/38914cdfadde/8e0d697cbdc5/05536431733-e1/05536431733-e1.jpg?ts=1737995286600&w=289,RELAXED FIT KNIT T-SHIRT,39.95 EUR,3
https://www.zara.com/de/en/relaxed-fit-knit-t-shirt-p05536431.html,https://static.zara.net/assets/public/42cf/ed59/39d04c9484c3/987a4fabcce6/05536431403-e1/05536431403-e1.jpg?ts=1737995288968&w=289,RELAXED FIT KNIT T-SHIRT,39.95 EUR,3
https://www.zara.com/de/en/flare-fit-jeans-p05585444.html,https://static.zara.net/assets/public/ffca/3428/b9484c5eab63/52e263de09fc/05585444406-e1/05585444406-e1.jpg?ts=1739892510623&w=289,FLARE FIT JEANS,49.95 EUR,5
https://www.zara.com/de/en/cotton-linen-trousers-p08574303.html,https://static.zara.net/assets/public/422d/21af/301341969248/c0b3d3bd990f/08574303250-e1/08574303250-e1.jpg?ts=1737995151045&w=289,COTTON/LINEN TROUSERS,45.95 EUR,3
https://www.zara.com/de/en/relaxed-fit-knit-t-shirt-p05536431.html,https://static.zara.net/assets/public/e853/2244/67fd4d869e47/877caa952959/05536431800-e1/05536431800-e1.jpg?ts=1737995286982&w=289,RELAXED FIT KNIT T-SHIRT,39.95 EUR,3
https://www.zara.com/de/en/cotton-linen-trousers-p08574303.html,https://static.zara.net/assets/public/5f0f/6a7c/641d47ac9108/03e8783b60f5/08574303800-e1/08574303800-e1.jpg?ts=1737995151104&w=289,COTTON/LINEN TROUSERS,45.95 EUR,3
https://www.zara.com/de/en/cotton-linen-trousers-p08574303.html,https://static.zara.net/assets/public/fc2a/9d55/86694fad96ee/be47384c8f44/08574303401-e1/08574303401-e1.jpg?ts=1737995153665&w=289,COTTON/LINEN TROUSERS,45.95 EUR,3
https://www.zara.com/de/en/relaxed-fit-knit-t-shirt-p05536431.html,https://static.zara.net/assets/public/ab48/c883/057448b4b0cb/44ed3687d7e9/05536431707-e1/05536431707-e1.jpg?ts=1737995289230&w=289,RELAXED FIT KNIT T-SHIRT,39.95 EUR,3
https://www.zara.com/de/en/flare-fit-jeans-p05585444.html,https://static.zara.net/assets/public/f84f/37ee/dd8740b5ad25/68a60853247f/05585444427-e1/05585444427-e1.jpg?ts=1739892647195&w=289,FLARE FIT JEANS,49.95 EUR,5
https://www.zara.com/de/en/slim-fit-chino-trousers-p06786300.html,https://static.zara.net/assets/public/b49c/c737/46a548f7bc5f/414e3479fa93/06786300800-e1/06786300800-e1.jpg?ts=1739261534258&w=289,SLIM FIT CHINO TROUSERS,29.95 EUR,5
https://www.zara.com/de/en/slim-fit-chino-trousers-p06786300.html,https://static.zara.net/assets/public/9015/ec19/59e644f296ea/116a9de8242e/06786300401-e1/06786300401-e1.jpg?ts=1739261529444&w=289,SLIM FIT CHINO TROUSERS,29.95 EUR,5
https://www.zara.com/de/en/slim-fit-chino-trousers-p06786300.html,https://static.zara.net/assets/public/05e1/b7ca/54a749c7b584/4e3963cda3e2/06786300710-e1/06786300710-e1.jpg?ts=1739261533106&w=289,SLIM FIT CHINO TROUSERS,29.95 EUR,5
https://www.zara.com/de/en/100-linen-trousers-p04410010.html,https://static.zara.net/assets/public/d19a/3d7b/c97e4566907e/4a31306c0ab1/09871411052-e1/09871411052-e1.jpg?ts=1732797335872&w=289,100% LINEN TROUSERS,49.95 EUR,5
https://www.zara.com/de/en/100-linen-trousers-p04410010.html,https://static.zara.net/assets/public/8276/5920/4b7d46838879/c4af292e40d5/09871411250-e1/09871411250-e1.jpg?ts=1732797321862&w=289,100% LINEN TROUSERS,49.95 EUR,5
https://www.zara.com/de/en/100-linen-trousers-p04410010.html,https://static.zara.net/assets/public/5241/44bc/9a984a2e9626/57eae44c7411/09871411401-e1/09871411401-e1.jpg?ts=1732797355384&w=289,100% LINEN TROUSERS,49.95 EUR,5
https://www.zara.com/de/en/textured-polo-shirt-p04092400.html,https://static.zara.net/assets/public/d4f2/b44f/be58406a93a2/11c293f67765/04092400251-e1/04092400251-e1.jpg?ts=1735807958070&w=289,TEXTURED POLO SHIRT,25.95 EUR,5
https://www.zara.com/de/en/vertical-textured-polo-shirt-p00526460.html,https://static.zara.net/assets/public/d059/de3b/7ca84dc1a18a/4a21c5a608d6/00526460251-e1/00526460251-e1.jpg?ts=1735292404756&w=289,VERTICAL TEXTURED POLO SHIRT,25.95 EUR,6
https://www.zara.com/de/en/vertical-textured-polo-shirt-p00526460.html,https://static.zara.net/assets/public/a126/742d/b3674f548cd1/8f8eddb7cf29/00526460800-e1/00526460800-e1.jpg?ts=1735296379806&w=289,VERTICAL TEXTURED POLO SHIRT,25.95 EUR,6
https://www.zara.com/de/en/vertical-textured-polo-shirt-p00526460.html,https://static.zara.net/assets/public/e768/d462/6e1b4c3d83c3/bea74c08a84c/00526460832-000-e1/00526460832-000-e1.jpg?ts=1735901197912&w=289,VERTICAL TEXTURED POLO SHIRT,25.95 EUR,6
https://www.zara.com/de/en/textured-polo-shirt-p04092400.html,https://static.zara.net/assets/public/2c7d/a06c/b98140abb59d/ce412f68da47/04092400800-e1/04092400800-e1.jpg?ts=1735807958281&w=289,TEXTURED POLO SHIRT,25.95 EUR,5
https://www.zara.com/de/en/textured-polo-shirt-p04092400.html,https://static.zara.net/assets/public/949b/f399/efc34e29afd7/25cbab09140f/04092400401-e1/04092400401-e1.jpg?ts=1735807958090&w=289,TEXTURED POLO SHIRT,25.95 EUR,5
https://www.zara.com/de/en/relaxed-fit-pleated-trousers-p06861554.html,https://static.zara.net/assets/public/1679/d66c/3b524690b600/86a253261990/06861554800-e1/06861554800-e1.jpg?ts=1737647643798&w=289,RELAXED FIT PLEATED TROUSERS,49.95 EUR,2
https://www.zara.com/de/en/flowing-knit-t-shirt-p00304406.html,https://static.zara.net/assets/public/fe34/be7c/504546a1b8e4/46ade153c455/00304406251-e1/00304406251-e1.jpg?ts=1735807588343&w=289,FLOWING KNIT T-SHIRT,25.95 EUR,5
https://www.zara.com/de/en/straight-leg-jeans-p08062410.html,https://static.zara.net/assets/public/2be1/6c05/c5aa492b875b/7ad83404c60c/01538410809-e1/01538410809-e1.jpg?ts=1737707196771&w=289,STRAIGHT-LEG JEANS,39.95 EUR,5
https://www.zara.com/de/en/flowing-knit-t-shirt-p00304406.html,https://static.zara.net/assets/public/76c6/3096/c24d4c7a92f0/de96b6d34883/00304406800-e1/00304406800-e1.jpg?ts=1735807589828&w=289,FLOWING KNIT T-SHIRT,25.95 EUR,5
https://www.zara.com/de/en/leather-effect-jacket-p03046404.html,https://static.zara.net/assets/public/6ad4/6ad5/1dc344839ee8/382ca90bceed/03046404800-e1/03046404800-e1.jpg?ts=1735307339316&w=289,LEATHER EFFECT JACKET,69.95 EUR,1
https://www.zara.com/de/en/slim-fit-jeans-p00774340.html,https://static.zara.net/assets/public/a32a/9ec1/b85d4daaa168/6ea0995c9318/00774450407-e1/00774450407-e1.jpg?ts=1737647644824&w=289,SLIM FIT JEANS,29.95 EUR,9
https://www.zara.com/de/en/vertical-textured-polo-shirt-p00526460.html,https://static.zara.net/assets/public/93e6/22c1/234540b0a513/6ff6fd0545a9/00526460514-000-e1/00526460514-000-e1.jpg?ts=1735901168827&w=289,VERTICAL TEXTURED POLO SHIRT,25.95 EUR,6
https://www.zara.com/de/en/flowing-knit-t-shirt-p00304406.html,https://static.zara.net/assets/public/c0cf/63fd/11ab4449a02c/b82e97ac6aff/00304406401-e1/00304406401-e1.jpg?ts=1735807590919&w=289,FLOWING KNIT T-SHIRT,25.95 EUR,5
https://www.zara.com/de/en/flowing-knit-t-shirt-p00304406.html,https://static.zara.net/assets/public/37cf/f87b/ce7347ec90d7/51b001d291da/00304406104-e1/00304406104-e1.jpg?ts=1735807590784&w=289,FLOWING KNIT T-SHIRT,25.95 EUR,5
https://www.zara.com/de/en/casual-leather-loafers-p12613520.html,https://static.zara.net/assets/public/784a/531b/05c040c4a440/98f8e23f5d3e/12613520400-e1/12613520400-e1.jpg?ts=1735901360351&w=289,CASUAL LEATHER LOAFERS,59.95 EUR,4
https://www.zara.com/de/en/relaxed-fit-pleated-trousers-p06861554.html,https://static.zara.net/assets/public/54f6/30cc/04574333bb0a/e8a032c015e0/06861554712-e1/06861554712-e1.jpg?ts=1737647643303&w=289,RELAXED FIT PLEATED TROUSERS,49.95 EUR,2
https://www.zara.com/de/en/faux-suede-varsity-jacket-with-patches-p06318401.html,https://static.zara.net/assets/public/e4ef/04d0/dd2e4b4b9b26/11cee2db8d18/06318401251-e1/06318401251-e1.jpg?ts=1735549646894&w=289,FAUX SUEDE VARSITY JACKET WITH PATCHES,59.95 EUR,1
https://www.zara.com/de/en/leather-effect-jacket-p03046404.html,https://static.zara.net/assets/public/8fb8/c862/578b4b0fbd29/27e8ca426244/03046404802-e1/03046404802-e1.jpg?ts=1735549645133&w=289,LEATHER EFFECT JACKET,69.95 EUR,1
https://www.zara.com/de/en/boxy-fit-overshirt-p07484553.html,https://static.zara.net/assets/public/3f35/4a52/922446978af9/51c84559c766/07484553712-e1/07484553712-e1.jpg?ts=1737714777253&w=289,BOXY FIT OVERSHIRT,59.95 EUR,2
https://www.zara.com/de/en/slim-cropped-fit-jeans-p04551402.html,https://static.zara.net/assets/public/e8a4/23d5/9a594729948f/f82eb7ef13f5/08062401427-e1/08062401427-e1.jpg?ts=1737367678821&w=289,SLIM CROPPED-FIT JEANS,29.95 EUR,3
https://www.zara.com/de/en/slim-cropped-fit-jeans-p04551402.html,https://static.zara.net/assets/public/c96b/11ac/c65147eca620/03f85f906c8d/04806400800-e1/04806400800-e1.jpg?ts=1737709012496&w=289,SLIM CROPPED-FIT JEANS,29.95 EUR,3
https://www.zara.com/de/en/slim-cropped-fit-jeans-p04551402.html,https://static.zara.net/assets/public/a790/0439/732945f68398/8794d1ed1940/08062402407-e1/08062402407-e1.jpg?ts=1737711686108&w=289,SLIM CROPPED-FIT JEANS,29.95 EUR,3
https://www.zara.com/de/en/cotton-linen-relaxed-fit-trousers-p01437450.html,https://static.zara.net/assets/public/8690/6e4e/9c2844388de4/af6fed5d0a12/01437450800-e1/01437450800-e1.jpg?ts=1735818573447&w=289,COTTON/LINEN RELAXED FIT TROUSERS,35.95 EUR,4
https://www.zara.com/de/en/cotton---linen-shirt-p01063305.html,https://static.zara.net/assets/public/631a/149c/05fc465cb08a/e81b8b0f5162/01063305058-e1/01063305058-e1.jpg?ts=1735808076841&w=289,COTTON - LINEN SHIRT,35.95 EUR,6
https://www.zara.com/de/en/cotton-linen-relaxed-fit-trousers-p01437450.html,https://static.zara.net/assets/public/3da0/5fed/787c43a78f5e/636c5c266234/01437450251-e1/01437450251-e1.jpg?ts=1735818569506&w=289,COTTON/LINEN RELAXED FIT TROUSERS,35.95 EUR,4
https://www.zara.com/de/en/cotton---linen-shirt-p01063305.html,https://static.zara.net/assets/public/b7d7/70ec/ea384b4a89d7/3525e730128c/01063305403-e1/01063305403-e1.jpg?ts=1735568192636&w=289,COTTON - LINEN SHIRT,35.95 EUR,6
https://www.zara.com/de/en/cotton---linen-shirt-p01063305.html,https://static.zara.net/assets/public/f970/74c6/501e4396a7c7/69aa8609e1bb/01063305052-e1/01063305052-e1.jpg?ts=1735568193547&w=289,COTTON - LINEN SHIRT,35.95 EUR,6
https://www.zara.com/de/en/cotton---linen-shirt-p01063306.html,https://static.zara.net/assets/public/60fb/9c64/e12c4b83ac74/5080b94948ae/01063306250-e1/01063306250-e1.jpg?ts=1736241142269&w=289,COTTON - LINEN SHIRT,35.95 EUR,4
https://www.zara.com/de/en/cotton---linen-shirt-p01063305.html,https://static.zara.net/assets/public/bc07/f28f/f0434e8d8d1c/c8f46a2a24e6/01063305250-e1/01063305250-e1.jpg?ts=1735568191450&w=289,COTTON - LINEN SHIRT,35.95 EUR,6
https://www.zara.com/de/en/cotton---linen-shirt-p01063306.html,https://static.zara.net/assets/public/7e5d/7184/908e4ccb83ee/ffd0d091ea00/01063306052-e1/01063306052-e1.jpg?ts=1736241128465&w=289,COTTON - LINEN SHIRT,35.95 EUR,4
https://www.zara.com/de/en/cotton---linen-shirt-p01063305.html,https://static.zara.net/assets/public/b99a/561c/1af34525bd8b/df9de4e4e361/01063305060-e1/01063305060-e1.jpg?ts=1735808077862&w=289,COTTON - LINEN SHIRT,35.95 EUR,6
https://www.zara.com/de/en/cotton---linen-shirt-p01063306.html,https://static.zara.net/assets/public/04e7/047d/30fe49a6b911/b25fa3369967/01063306403-e1/01063306403-e1.jpg?ts=1736241142956&w=289,COTTON - LINEN SHIRT,35.95 EUR,4
https://www.zara.com/de/en/cotton---linen-shirt-p01063306.html,https://static.zara.net/assets/public/b1c5/aa99/f13444b389da/20d4eee28c3b/01063306505-e1/01063306505-e1.jpg?ts=1736241122807&w=289,COTTON - LINEN SHIRT,35.95 EUR,4
https://www.zara.com/de/en/cotton-linen-relaxed-fit-trousers-p01437450.html,https://static.zara.net/assets/public/d821/7452/28474e458c53/647785cba549/01437450400-e1/01437450400-e1.jpg?ts=1735818573885&w=289,COTTON/LINEN RELAXED FIT TROUSERS,35.95 EUR,4
https://www.zara.com/de/en/relaxed-fit-textured-trousers-p07147400.html,https://static.zara.net/assets/public/701b/bdf7/5b6e46daa9d9/c59391e8d87c/07147400251-e1/07147400251-e1.jpg?ts=1736241142437&w=289,RELAXED FIT TEXTURED TROUSERS,45.95 EUR,3
https://www.zara.com/de/en/viscose-blend-knitted-polo-shirt-p00304407.html,https://static.zara.net/assets/public/3af5/0e12/6c65409a9590/c5bc62b7ccfb/00304407800-e1/00304407800-e1.jpg?ts=1736241139137&w=289,VISCOSE BLEND KNITTED POLO SHIRT,29.95 EUR,4
https://www.zara.com/de/en/viscose-blend-knitted-polo-shirt-p00304407.html,https://static.zara.net/assets/public/df34/2c9c/89ed4a70888d/ff1db64e9800/00304407251-e1/00304407251-e1.jpg?ts=1736241140332&w=289,VISCOSE BLEND KNITTED POLO SHIRT,29.95 EUR,4
https://www.zara.com/de/en/viscose-blend-knitted-polo-shirt-p00304407.html,https://static.zara.net/assets/public/f6f5/a7c5/a7374940b090/f5dc4f8bfb97/00304407401-e1/00304407401-e1.jpg?ts=1736241142676&w=289,VISCOSE BLEND KNITTED POLO SHIRT,29.95 EUR,4
https://www.zara.com/de/en/viscose-blend-knitted-polo-shirt-p00304407.html,https://static.zara.net/assets/public/5160/89ce/1392466cb404/0f1a4cb12656/00304407708-e1/00304407708-e1.jpg?ts=1736241115671&w=289,VISCOSE BLEND KNITTED POLO SHIRT,29.95 EUR,4
https://www.zara.com/de/en/relaxed-fit-textured-trousers-p07147400.html,https://static.zara.net/assets/public/5fb6/b8c3/168e4305ba89/92f6b59db4dc/07147403052-e1/07147403052-e1.jpg?ts=1736241131320&w=289,RELAXED FIT TEXTURED TROUSERS,45.95 EUR,3
https://www.zara.com/de/en/viscose-blend-knitted-polo-shirt-p00304407.html,https://static.zara.net/assets/public/bfb8/c7bf/d5424e309eda/ff5bdc61f21a/00304407901-e1/00304407901-e1.jpg?ts=1736241113926&w=289,VISCOSE BLEND KNITTED POLO SHIRT,29.95 EUR,4
https://www.zara.com/de/en/basic-contrast-rib-t-shirt-p00761412.html,https://static.zara.net/assets/public/4388/72f3/ee004de7ae21/2b949645d680/00761412251-e1/00761412251-e1.jpg?ts=1737452354752&w=289,BASIC CONTRAST RIB T-SHIRT,17.95 EUR,4
https://www.zara.com/de/en/regular-straight-leg-jeans-p01538455.html,https://static.zara.net/assets/public/d4ef/13ff/c74d48ce9c7a/9dd90560777f/04060455427-e1/04060455427-e1.jpg?ts=1737386899705&w=289,REGULAR STRAIGHT-LEG JEANS,39.95 EUR,4
https://www.zara.com/de/en/relaxed-fit-textured-trousers-p07147400.html,https://static.zara.net/assets/public/8be0/2cbc/5b8346e6b6c2/42ccbb93ba19/07147400819-e1/07147400819-e1.jpg?ts=1736241130702&w=289,RELAXED FIT TEXTURED TROUSERS,45.95 EUR,3
https://www.zara.com/de/en/regular-straight-leg-jeans-p01538455.html,https://static.zara.net/assets/public/95a1/3579/9f5a49639e2e/c3669d9b262b/08062455822-e1/08062455822-e1.jpg?ts=1737452183832&w=289,REGULAR STRAIGHT-LEG JEANS,39.95 EUR,4
https://www.zara.com/de/en/cotton---linen-shirt-p01063306.html,https://static.zara.net/assets/public/0146/8e59/7c034e8a88b8/fc758f78f6ce/01063306800-e1/01063306800-e1.jpg?ts=1736241142747&w=289,COTTON - LINEN SHIRT,35.95 EUR,4
https://www.zara.com/de/en/cotton---linen-shirt-p01063305.html,https://static.zara.net/assets/public/152e/b358/06974cdcb4b7/0f59b7d054f2/01063305914-e1/01063305914-e1.jpg?ts=1735568193267&w=289,COTTON - LINEN SHIRT,35.95 EUR,6
https://www.zara.com/de/en/relaxed-fit-textured-trousers-p07147400.html,https://static.zara.net/assets/public/f3d5/1781/7e2d46aaac60/4c7892ade9d0/07147400500-e1/07147400500-e1.jpg?ts=1736241131812&w=289,RELAXED FIT TEXTURED TROUSERS,45.95 EUR,3
https://www.zara.com/de/en/regular-straight-leg-jeans-p01538455.html,https://static.zara.net/assets/public/32e0/a2b9/58c84df68820/b582478f7024/04365455802-e1/04365455802-e1.jpg?ts=1737386896617&w=289,REGULAR STRAIGHT-LEG JEANS,39.95 EUR,4
https://www.zara.com/de/en/cotton---linen-shirt-p01063305.html,https://static.zara.net/assets/public/a291/cf62/94d14f738911/c5474ac4c584/01063305420-e1/01063305420-e1.jpg?ts=1735818384594&w=289,COTTON - LINEN SHIRT,35.95 EUR,6
https://www.zara.com/de/en/contrast-print-trousers-p05862405.html,https://static.zara.net/assets/public/d87b/badd/2fa14976b2b1/7420ef20acbb/05862405183-e1/05862405183-e1.jpg?ts=1737452185560&w=289,CONTRAST PRINT TROUSERS,49.95 EUR,
https://www.zara.com/de/en/creased-effect-shirt-p06103400.html,https://static.zara.net/assets/public/7a96/731a/1ef64dcd9b76/251ab8c0b8f2/06103400403-e1/06103400403-e1.jpg?ts=1737386891067&w=289,CREASED-EFFECT SHIRT,29.95 EUR,4
https://www.zara.com/de/en/regular-straight-leg-jeans-p01538455.html,https://static.zara.net/assets/public/351a/149c/992d40bc9241/c4bd4e0ed04d/01538455400-e1/01538455400-e1.jpg?ts=1737452186679&w=289,REGULAR STRAIGHT-LEG JEANS,39.95 EUR,4
https://www.zara.com/de/en/puffer-technical-jacket-p03833352.html,https://static.zara.net/assets/public/4204/d76f/119b44fd9e60/cb1a8a3ad5ca/03833352800-e1/03833352800-e1.jpg?ts=1737386887527&w=289,PUFFER TECHNICAL JACKET,59.95 EUR,1
https://www.zara.com/de/en/creased-effect-shirt-p06103400.html,https://static.zara.net/assets/public/17d2/e80b/7d5d4ba88c3b/60c6acef6bf8/06103400401-e1/06103400401-e1.jpg?ts=1737386889937&w=289,CREASED-EFFECT SHIRT,29.95 EUR,4
https://www.zara.com/de/en/interlock-textured-sweatshirt-p00761450.html,https://static.zara.net/assets/public/9c7a/1269/a7d64f779397/03a9552d3416/00761450427-e1/00761450427-e1.jpg?ts=1735549640381&w=289,INTERLOCK TEXTURED SWEATSHIRT,29.95 EUR,3
https://www.zara.com/de/en/interlock-textured-sweatshirt-p00761450.html,https://static.zara.net/assets/public/ccc9/5475/503449b6a90e/ac09804e3bbc/00761450527-e1/00761450527-e1.jpg?ts=1735549640441&w=289,INTERLOCK TEXTURED SWEATSHIRT,29.95 EUR,3
https://www.zara.com/de/en/interlock-textured-sweatshirt-p00761450.html,https://static.zara.net/assets/public/9f9d/1d29/c8d144b5867d/d66a6bb08dd0/00761450251-e1/00761450251-e1.jpg?ts=1735549645040&w=289,INTERLOCK TEXTURED SWEATSHIRT,29.95 EUR,3
https://www.zara.com/de/en/100-linen-trousers-p05070112.html,https://static.zara.net/assets/public/bd8f/0387/2be74264ba15/0c21cade832d/05070122052-e1/05070122052-e1.jpg?ts=1737112471941&w=289,100% LINEN TROUSERS,49.95 EUR,3
https://www.zara.com/de/en/100-linen-trousers-p05070112.html,https://static.zara.net/assets/public/5831/103e/95fe4c28a850/9f147d65e919/05070122800-e1/05070122800-e1.jpg?ts=1737112470660&w=289,100% LINEN TROUSERS,49.95 EUR,3
https://www.zara.com/de/en/100-linen-trousers-p05070112.html,https://static.zara.net/assets/public/7bb9/cb6b/9e0f4f0cabf3/4e66018c48d4/05070122250-e1/05070122250-e1.jpg?ts=1737112470230&w=289,100% LINEN TROUSERS,49.95 EUR,3
https://www.zara.com/de/en/baggy-fit-jeans-p04048400.html,https://static.zara.net/assets/public/4b7f/d508/579e41a29954/3c56134051cf/01538402406-e1/01538402406-e1.jpg?ts=1737385228847&w=289,BAGGY FIT JEANS,39.95 EUR,5
https://www.zara.com/de/en/baggy-fit-jeans-p04048400.html,https://static.zara.net/assets/public/6f37/94c9/0cb14e4695be/66e753fa862e/01538402427-e1/01538402427-e1.jpg?ts=1736847189201&w=289,BAGGY FIT JEANS,39.95 EUR,5
https://www.zara.com/de/en/100-linen-trousers-p05070112.html,https://static.zara.net/assets/public/b3bf/db66/9cdb4153ac3e/45172f8051c4/05070122737-e1/05070122737-e1.jpg?ts=1737112472959&w=289,100% LINEN TROUSERS,49.95 EUR,3
https://www.zara.com/de/en/textured-jacquard-t-shirt-p04087400.html,https://static.zara.net/assets/public/3073/a362/9dcf40079625/80d34366b550/04087400800-e1/04087400800-e1.jpg?ts=1737028983027&w=289,TEXTURED JACQUARD T-SHIRT,25.95 EUR,4
https://www.zara.com/de/en/relaxed-fit-jacquard-bermuda-shorts-p04087401.html,https://static.zara.net/assets/public/ed6f/4882/4e5c45c69829/bc6364f5ca0d/05039401802-e1/05039401802-e1.jpg?ts=1737038175026&w=289,RELAXED FIT JACQUARD BERMUDA SHORTS,29.95 EUR,4
https://www.zara.com/de/en/textured-jacquard-t-shirt-p04087400.html,https://static.zara.net/assets/public/19fb/57b1/fa2948eba20d/3ccaf352096f/05039400802-e1/05039400802-e1.jpg?ts=1737038175298&w=289,TEXTURED JACQUARD T-SHIRT,25.95 EUR,4
https://www.zara.com/de/en/slim-cropped-fit-jeans-p04551402.html,https://static.zara.net/assets/public/134f/c14a/2acf41e5a9de/fd2f59e5def9/04551402406-000-e1/04551402406-000-e1.jpg?ts=1737120568615&w=289,SLIM CROPPED-FIT JEANS,29.95 EUR,3
https://www.zara.com/de/en/textured-relaxed-fit-t-shirt-p03992405.html,https://static.zara.net/assets/public/3203/e00c/956f4e90917a/f2c1afb2ed19/03992405800-e1/03992405800-e1.jpg?ts=1736779489113&w=289,TEXTURED RELAXED FIT T-SHIRT,25.95 EUR,4
https://www.zara.com/de/en/interlock-textured-bermuda-shorts-p00761451.html,https://static.zara.net/assets/public/c74c/9fbe/63fa4bf0bdee/b041cc5dc996/00761451527-e1/00761451527-e1.jpg?ts=1735549645943&w=289,INTERLOCK TEXTURED BERMUDA SHORTS,29.95 EUR,3
https://www.zara.com/de/en/textured-relaxed-fit-t-shirt-p03992405.html,https://static.zara.net/assets/public/06aa/bbbd/870642108493/ea3531c4b023/03992405922-e1/03992405922-e1.jpg?ts=1736779489531&w=289,TEXTURED RELAXED FIT T-SHIRT,25.95 EUR,4
https://www.zara.com/de/en/interlock-textured-bermuda-shorts-p00761451.html,https://static.zara.net/assets/public/1bc2/8037/81f54a4994e0/8f8f1b2f968a/00761451800-e1/00761451800-e1.jpg?ts=1735549645726&w=289,INTERLOCK TEXTURED BERMUDA SHORTS,29.95 EUR,3
https://www.zara.com/de/en/100-linen-suit-blazer-p04410400.html,https://static.zara.net/assets/public/e99d/1029/f2d34c92a335/77e5cd09ed46/04299333052-e1/04299333052-e1.jpg?ts=1736847175275&w=289,100% LINEN SUIT BLAZER,99.95 EUR,5
https://www.zara.com/de/en/heavyweight-crew-neck-sweatshirt-p04092430.html,https://static.zara.net/assets/public/eb3e/4a89/d3384d6f810e/ea1431350e7a/04092430800-e1/04092430800-e1.jpg?ts=1736847177777&w=289,HEAVYWEIGHT CREW NECK SWEATSHIRT,29.95 EUR,4
https://www.zara.com/de/en/interlock-textured-bermuda-shorts-p00761451.html,https://static.zara.net/assets/public/9c93/e215/ffbc4d378787/3945968e46ee/00761451427-e1/00761451427-e1.jpg?ts=1735549637440&w=289,INTERLOCK TEXTURED BERMUDA SHORTS,29.95 EUR,3
https://www.zara.com/de/en/100-linen-suit-trousers-p04410401.html,https://static.zara.net/assets/public/9405/13dc/0fe74e3fa0d0/b981fe09a0d1/04300333052-e1/04300333052-e1.jpg?ts=1736847175295&w=289,100% LINEN SUIT TROUSERS,49.95 EUR,5
https://www.zara.com/de/en/textured-relaxed-fit-t-shirt-p03992405.html,https://static.zara.net/assets/public/3b4f/0e4d/f2ca4dde80cb/41aacbad9e04/03992405251-e1/03992405251-e1.jpg?ts=1736941372888&w=289,TEXTURED RELAXED FIT T-SHIRT,25.95 EUR,4
https://www.zara.com/de/en/heavyweight-crew-neck-sweatshirt-p04092430.html,https://static.zara.net/assets/public/68a1/77c5/9de446dca46a/b5a3f5726d51/04092430401-e1/04092430401-e1.jpg?ts=1736941390883&w=289,HEAVYWEIGHT CREW NECK SWEATSHIRT,29.95 EUR,4
https://www.zara.com/de/en/heavyweight-crew-neck-sweatshirt-p04092430.html,https://static.zara.net/assets/public/fa94/117c/02924d6a8249/c01f5962ad62/04092430251-e1/04092430251-e1.jpg?ts=1736847174191&w=289,HEAVYWEIGHT CREW NECK SWEATSHIRT,29.95 EUR,4
https://www.zara.com/de/en/strappy-sandals-p12724520.html,https://static.zara.net/assets/public/9a97/f6bc/29db49968381/e76cf96e4906/12724520800-e1/12724520800-e1.jpg?ts=1729693398723&w=289,STRAPPY SANDALS,29.95 EUR,
https://www.zara.com/de/en/boucle-overshirt-p03715300.html,https://static.zara.net/assets/public/0628/f662/38f24dac891a/b31250780b3d/03715300802-e1/03715300802-e1.jpg?ts=1735554528513&w=289,BOUCL OVERSHIRT,49.95 EUR,
https://www.zara.com/de/en/baggy-fit-jeans-p04048400.html,https://static.zara.net/assets/public/d15f/14c0/88514fb8b7f1/2b8b2414f632/04806401800-e1/04806401800-e1.jpg?ts=1734946681063&w=289,BAGGY FIT JEANS,39.95 EUR,5
https://www.zara.com/de/en/baggy-fit-jeans-p04048400.html,https://static.zara.net/assets/public/b67c/0ee3/fe534558b84e/6e0f3c5e849d/04048400822-e1/04048400822-e1.jpg?ts=1734946681580&w=289,BAGGY FIT JEANS,39.95 EUR,5
https://www.zara.com/de/en/lightweight-bomber-jacket-p04302401.html,https://static.zara.net/assets/public/d4e2/9898/297449398073/206266f73e33/04302401800-e1/04302401800-e1.jpg?ts=1736354867813&w=289,LIGHTWEIGHT BOMBER JACKET,39.95 EUR,2
https://www.zara.com/de/en/lightweight-bomber-jacket-p04302401.html,https://static.zara.net/assets/public/d8fa/1462/c00a4fe69d67/d0a64066917c/04302401506-e1/04302401506-e1.jpg?ts=1736411413180&w=289,LIGHTWEIGHT BOMBER JACKET,39.95 EUR,2
https://www.zara.com/de/en/lightweight-bomber-jacket-p04302401.html,https://static.zara.net/assets/public/4b60/f4a5/5455439e95a4/a981dd10b37a/04302401809-e1/04302401809-e1.jpg?ts=1736411412860&w=289,LIGHTWEIGHT BOMBER JACKET,39.95 EUR,2
https://www.zara.com/de/en/casual-leather-loafers-p12613520.html,https://static.zara.net/assets/public/ffd1/6853/f0554aec81ee/0a783b645693/12613520700-e1/12613520700-e1.jpg?ts=1742829174271&w=289,CASUAL LEATHER LOAFERS,59.95 EUR,4
https://www.zara.com/de/en/leather-effect-bomber-jacket-p03918450.html,https://static.zara.net/assets/public/e99a/d1d4/5fba43cb9812/fec196aeb64a/03918450800-e1/03918450800-e1.jpg?ts=1736432624865&w=289,LEATHER-EFFECT BOMBER JACKET,49.95 EUR,
https://www.zara.com/de/en/double-strap-leather-sandals-p12703520.html,https://static.zara.net/assets/public/ff54/25b4/b7b84f68a208/ddfc7ea45fce/12703520131-e1/12703520131-e1.jpg?ts=1734511261475&w=289,DOUBLE STRAP LEATHER SANDALS,45.95 EUR,
https://www.zara.com/de/en/100-linen-bermuda-shorts-p05070010.html,https://static.zara.net/assets/public/fe3d/c1bc/fd664ddca5df/78aa2ee164ad/05070011401-e1/05070011401-e1.jpg?ts=1736432618342&w=289,100% LINEN BERMUDA SHORTS,39.95 EUR,5
https://www.zara.com/de/en/100-linen-bermuda-shorts-p05070010.html,https://static.zara.net/assets/public/0d6d/e6cb/6c8d4104bc12/839b37dae96c/05070010731-e1/05070010731-e1.jpg?ts=1736432611125&w=289,100% LINEN BERMUDA SHORTS,39.95 EUR,5
https://www.zara.com/de/en/leather-trainers-p12210520.html,https://static.zara.net/assets/public/f192/2248/14434f7995bb/f3f8604a8f40/12210520718-e1/12210520718-e1.jpg?ts=1729676257776&w=289,LEATHER TRAINERS,49.95 EUR,
https://www.zara.com/de/en/lightweight-jacket-p04302526.html,https://static.zara.net/assets/public/99fa/29a4/922d4bff8b28/e6eaedeed4c2/04302526800-e1/04302526800-e1.jpg?ts=1734946680674&w=289,LIGHTWEIGHT JACKET,49.95 EUR,1
https://www.zara.com/de/en/lightweight-jacket-p04302526.html,https://static.zara.net/assets/public/5956/ac99/441345ffb217/c13bc3598257/04302526802-e1/04302526802-e1.jpg?ts=1734946693934&w=289,LIGHTWEIGHT JACKET,49.95 EUR,1
https://www.zara.com/de/en/basic-medium-weight-t-shirt-p01887470.html,https://static.zara.net/assets/public/7b90/e95c/b13c4de8b9e2/f44f3f83ed0d/01887420752-e1/01887420752-e1.jpg?ts=1739197152459&w=289,BASIC MEDIUM WEIGHT T-SHIRT,15.95 EUR,6
https://www.zara.com/de/en/jacket-with-ribbed-collar-p06318402.html,https://static.zara.net/assets/public/b445/b7ab/2afc4b379dc2/85e07a0e8d85/06318402401-e1/06318402401-e1.jpg?ts=1734685292536&w=289,JACKET WITH RIBBED COLLAR,79.95 EUR,
https://www.zara.com/de/en/comfort-straight-leg-trousers-p07484319.html,https://static.zara.net/assets/public/b0ce/f7c5/ade54773b415/b86d66f0fdcb/07484319800-e1/07484319800-e1.jpg?ts=1735808130676&w=289,COMFORT STRAIGHT-LEG TROUSERS,49.95 EUR,
https://www.zara.com/de/en/basic-slim-fit-t-shirt-p05584361.html,https://static.zara.net/assets/public/8631/430a/f77d4f7983ee/9d4c3a922555/05584401736-e1/05584401736-e1.jpg?ts=1739261516102&w=289,BASIC SLIM FIT T-SHIRT,12.95 EUR,7
https://www.zara.com/de/en/faux-suede-bomber-jacket-p08574300.html,https://static.zara.net/assets/public/ccb3/695e/11a34436ad11/b6e127f55ceb/08574300806-e1/08574300806-e1.jpg?ts=1733819685788&w=289,FAUX SUEDE BOMBER JACKET,49.95 EUR,2
https://www.zara.com/de/en/basic-slim-fit-t-shirt-p05584361.html,https://static.zara.net/assets/public/8f26/36d9/f5fb4d80b9f0/979dc8e7beae/05584401818-e1/05584401818-e1.jpg?ts=1739261519014&w=289,BASIC SLIM FIT T-SHIRT,12.95 EUR,7
https://www.zara.com/de/en/basic-heavyweight-t-shirt-p01887455.html,https://static.zara.net/assets/public/2f4b/63dc/55004867b8cf/44f7ef1ba770/01887455250-e1/01887455250-e1.jpg?ts=1739197155173&w=289,BASIC HEAVYWEIGHT T-SHIRT,17.95 EUR,8
https://www.zara.com/de/en/basic-heavyweight-t-shirt-p01887455.html,https://static.zara.net/assets/public/b5f9/b9a3/21c843cf99fc/134977827f11/01887455800-e1/01887455800-e1.jpg?ts=1739197159811&w=289,BASIC HEAVYWEIGHT T-SHIRT,17.95 EUR,8
https://www.zara.com/de/en/basic-heavyweight-t-shirt-p01887455.html,https://static.zara.net/assets/public/887e/c73f/59d8479d8b02/43df061c8c21/01887455807-e1/01887455807-e1.jpg?ts=1739197159529&w=289,BASIC HEAVYWEIGHT T-SHIRT,17.95 EUR,8
https://www.zara.com/de/en/casual-leather-loafers-p12613520.html,https://static.zara.net/assets/public/6367/29d2/39b341e0a56f/4472fd47ae23/12613520002-e1/12613520002-e1.jpg?ts=1731413549185&w=289,CASUAL LEATHER LOAFERS,59.95 EUR,4
https://www.zara.com/de/en/double-strap-leather-sandals-p12708520.html,https://static.zara.net/assets/public/8b93/aab3/7ba54a1d9cbd/492ef9499a91/12708520107-e1/12708520107-e1.jpg?ts=1729685331863&w=289,DOUBLE STRAP LEATHER SANDALS,45.95 EUR,2
https://www.zara.com/de/en/basic-regular-fit-t-shirt-p05584441.html,https://static.zara.net/assets/public/e02b/0e60/ec684b8a95e6/9832ef58e52e/05584471804-e1/05584471804-e1.jpg?ts=1739261526430&w=289,BASIC REGULAR FIT T-SHIRT,22.95 EUR,7
https://www.zara.com/de/en/basic-regular-fit-t-shirt-p05584441.html,https://static.zara.net/assets/public/713b/d851/cdee4769a537/6563fe27b6df/05584471687-e1/05584471687-e1.jpg?ts=1739261522680&w=289,BASIC REGULAR FIT T-SHIRT,22.95 EUR,7
https://www.zara.com/de/en/monochrome-chunky-trainers-p12215520.html,https://static.zara.net/assets/public/fb7e/c512/76d040c3b6ee/df2283c7cf6e/12215520001-e1/12215520001-e1.jpg?ts=1731600564580&w=289,MONOCHROME CHUNKY TRAINERS,39.95 EUR,1
https://www.zara.com/de/en/red-eclipse-edp-100-ml---3-38%C2%A0oz-p20220329.html,https://static.zara.net/assets/public/54e4/52d1/ea1841d3989e/fc68a1572f4f/20220329999-e1/20220329999-e1.jpg?ts=1734511760421&w=289,RED ECLIPSE EDP 100 ML / 3.38OZ,22.95 EUR,
https://www.zara.com/de/en/blue-zenith-edp-100ml---3-38%C2%A0oz-p20220330.html,https://static.zara.net/assets/public/7a82/3471/d5ac4d98b5e9/83d01a26ec68/20220330999-e1/20220330999-e1.jpg?ts=1734511760276&w=289,BLUE ZENITH EDP 100ML / 3.38OZ,22.95 EUR,
https://www.zara.com/de/en/limited-edition-dinner-jacket-frock-coat-p04071006.html,https://static.zara.net/assets/public/2f5b/6e1c/33cd4c51b12a/caf1b0a081d6/04071006800-e1/04071006800-e1.jpg?ts=1731675350661&w=289,LIMITED EDITION DINNER JACKET FROCK COAT,199.00 EUR,
https://www.zara.com/de/en/textured-stretch-shirt-p04047476.html,https://static.zara.net/assets/public/c98b/879a/10a447e99d2f/3670a82e10b8/04047476800-e1/04047476800-e1.jpg?ts=1732264008650&w=289,TEXTURED STRETCH SHIRT,39.95 EUR,3
https://www.zara.com/de/en/textured-stretch-shirt-p04047476.html,https://static.zara.net/assets/public/0d3e/5fb3/33704f679f67/5d0f7a9aa930/04047476250-e1/04047476250-e1.jpg?ts=1732264008173&w=289,TEXTURED STRETCH SHIRT,39.95 EUR,3
https://www.zara.com/de/en/3-pack-of-basic-boxers-p04442330.html,https://static.zara.net/assets/public/088d/826d/93c8400a9450/25e42956c314/04442330800-e1/04442330800-e1.jpg?ts=1732101422213&w=289,3-PACK OF BASIC BOXERS,22.95 EUR,2
https://www.zara.com/de/en/casual-leather-tassel-loafers-p12620520.html,https://static.zara.net/assets/public/7ac1/271b/e28e4f89a04f/30f5fbe5c7df/12620520400-e1/12620520400-e1.jpg?ts=1728905244487&w=289,CASUAL LEATHER TASSEL LOAFERS,49.95 EUR,2
https://www.zara.com/de/en/formal-shoes-p12400520.html,https://static.zara.net/assets/public/4471/7535/59c14a02b344/02ede85c4425/12400520800-e1/12400520800-e1.jpg?ts=1730217206858&w=289,FORMAL SHOES,49.95 EUR,
https://www.zara.com/de/en/formal-penny-loafers-p12600520.html,https://static.zara.net/assets/public/64e2/125c/d9f94974b071/f1c606ecb879/12600520800-e1/12600520800-e1.jpg?ts=1729155437245&w=289,FORMAL PENNY LOAFERS,49.95 EUR,1
https://www.zara.com/de/en/dress-shoes-p12401520.html,https://static.zara.net/assets/public/3904/7a42/ef7440d3b8eb/2b81b053e3a0/12401522800-e1/12401522800-e1.jpg?ts=1731579938197&w=289,DRESS SHOES,49.95 EUR,1
https://www.zara.com/de/en/dress-shoes-p12401520.html,https://static.zara.net/assets/public/a3e3/5719/37d547978ca1/f6824f2a91a1/12401520700-e1/12401520700-e1.jpg?ts=1731579938605&w=289,DRESS SHOES,49.95 EUR,1
https://www.zara.com/de/en/basic-quarter-zip-sweatshirt-p06462333.html,https://static.zara.net/assets/public/072e/6089/24d94ccdb948/26107fbbde52/06462333401-e1/06462333401-e1.jpg?ts=1739197201221&w=289,BASIC QUARTER ZIP SWEATSHIRT,35.95 EUR,5
https://www.zara.com/de/en/straight-fit-regular-jeans-p08062315.html,https://static.zara.net/assets/public/40de/0341/4355421e9438/ee5e833a0252/09794315407-e1/09794315407-e1.jpg?ts=1728918956648&w=289,STRAIGHT-FIT REGULAR JEANS,39.95 EUR,3
https://www.zara.com/de/en/basic-quarter-zip-sweatshirt-p06462333.html,https://static.zara.net/assets/public/9291/8cef/f87c4ea08388/b2b82f2b0437/00761433803-e1/00761433803-e1.jpg?ts=1739261512521&w=289,BASIC QUARTER ZIP SWEATSHIRT,35.95 EUR,5
https://www.zara.com/de/en/vanilla-collection-01-vanilla-collection-02-edp-2-x-100-ml---3-38-fl--oz-p20213003.html,https://static.zara.net/assets/public/4198/5c1d/530d4c8c85b1/62a87e8a7210/20213003999-e1/20213003999-e1.jpg?ts=1727854396598&w=289,VANILLA COLLECTION 01 + VANILLA COLLECTION 02 EDP 2 X 100 ML / 3.38 FL. OZ,25.95 EUR,
https://www.zara.com/de/en/vanilla-collection-02--unique-hypnotic-seductive-edp-100-ml---3-38-fl--oz-p20213002.html,https://static.zara.net/assets/public/06f8/fd15/53fe4a60b7a4/2992098e9334/20213002999-e1/20213002999-e1.jpg?ts=1727854400875&w=289,VANILLA COLLECTION 02: UNIQUE/HYPNOTIC/SEDUCTIVE EDP 100 ML / 3.38 FL. OZ,17.95 EUR,
https://www.zara.com/de/en/vanilla-collection-01--irresistible-magnetic-delicious-edp-100-ml--3-38-fl--oz--p20213001.html,https://static.zara.net/assets/public/e163/7910/16c5432199f5/bb9753df1330/20213001999-e1/20213001999-e1.jpg?ts=1727854397202&w=289,VANILLA COLLECTION 01: IRRESISTIBLE/MAGNETIC/DELICIOUS EDP 100 ML (3.38 FL. OZ),17.95 EUR,
https://www.zara.com/de/en/sunrise-on-the-red-sand-dunes-intense-edp-100-ml---3-38-fl--oz-p20220319.html,https://static.zara.net/assets/public/b43b/de4b/e7584bc4a163/929264743058/20220319999-e1/20220319999-e1.jpg?ts=1727681497056&w=289,SUNRISE ON THE RED SAND DUNES INTENSE EDP 100 ML / 3.38 FL. OZ,25.95 EUR,
https://www.zara.com/de/en/sand-desert-at-sunset-intense-edp-100-ml---3-38-oz-p20220320.html,https://static.zara.net/assets/public/7c06/1cb9/ba1a4a45964d/e98e01561ba2/20220320999-e1/20220320999-e1.jpg?ts=1727681497598&w=289,SAND DESERT AT SUNSET INTENSE EDP 100 ML / 3.38 OZ,25.95 EUR,
https://www.zara.com/de/en/striped-shirt-p05638411.html,https://static.zara.net/assets/public/859e/4352/fc664e9a8697/e0f5952f1b0a/05638511070-e1/05638511070-e1.jpg?ts=1725444093381&w=289,STRIPED SHIRT,39.95 EUR,
https://www.zara.com/de/en/basic-slim-fit-t-shirt-p05584360.html,https://static.zara.net/assets/public/2cec/a852/30154184ab13/8ce638366f41/05584360250-e1/05584360250-e1.jpg?ts=1739197167772&w=289,BASIC SLIM FIT T-SHIRT,17.95 EUR,3
https://www.zara.com/de/en/basic-slim-fit-t-shirt-p05584360.html,https://static.zara.net/assets/public/c756/fadc/68844804807e/81b0cc0846c4/01887360800-e1/01887360800-e1.jpg?ts=1739197147676&w=289,BASIC SLIM FIT T-SHIRT,17.95 EUR,3
https://www.zara.com/de/en/straight-leg-jeans-p08062310.html,https://static.zara.net/assets/public/c48b/ecf4/de2e4cd3b25d/89774f2feca1/08062310822-e1/08062310822-e1.jpg?ts=1724335844068&w=289,STRAIGHT-LEG JEANS,39.95 EUR,3
https://www.zara.com/de/en/slim-fit-jeans-p00774340.html,https://static.zara.net/assets/public/b3a3/251b/277e44edb509/8ea30d1a7135/05575340822-e1/05575340822-e1.jpg?ts=1724074463183&w=289,SLIM FIT JEANS,29.95 EUR,9
https://www.zara.com/de/en/leather-penny-loafers-p12608421.html,https://static.zara.net/assets/public/fbaf/1d21/d0ef4920b6d4/f7e53ccf7df8/12608421800-e1/12608421800-e1.jpg?ts=1723470427995&w=289,LEATHER PENNY LOAFERS,59.95 EUR,
https://www.zara.com/de/en/cropped-skinny-fit-jeans-p08062481.html,https://static.zara.net/assets/public/239a/6143/cff9431cb2a6/273087e82dbb/04806345427-e1/04806345427-e1.jpg?ts=1722871776989&w=289,CROPPED SKINNY FIT JEANS,39.95 EUR,4
https://www.zara.com/de/en/cropped-skinny-fit-jeans-p08062481.html,https://static.zara.net/assets/public/1774/378d/e493472e8b89/688a02ef9340/00840450406-e1/00840450406-e1.jpg?ts=1738657874367&w=289,CROPPED SKINNY FIT JEANS,39.95 EUR,4
https://www.zara.com/de/en/cropped-skinny-fit-jeans-p08062481.html,https://static.zara.net/assets/public/2559/9d5e/4fde4177a5f3/7208b6498fb9/08062481800-e1/08062481800-e1.jpg?ts=1738169492844&w=289,CROPPED SKINNY FIT JEANS,39.95 EUR,4
https://www.zara.com/de/en/slim-fit-jeans-p00774340.html,https://static.zara.net/assets/public/3173/0190/07c344ef9f4a/4b9018f986e7/00774340427-e1/00774340427-e1.jpg?ts=1722593597920&w=289,SLIM FIT JEANS,29.95 EUR,9
https://www.zara.com/de/en/slim-fit-jeans-p00774340.html,https://static.zara.net/assets/public/7993/dd64/960d45ceac2c/7ed537d1b036/00774340800-e1/00774340800-e1.jpg?ts=1722593596667&w=289,SLIM FIT JEANS,29.95 EUR,9
https://www.zara.com/de/en/slim-fit-jeans-p00774340.html,https://static.zara.net/assets/public/9ac4/c169/3b6a47769b38/2c2efc7fa901/00774340802-e1/00774340802-e1.jpg?ts=1722593603850&w=289,SLIM FIT JEANS,29.95 EUR,9
https://www.zara.com/de/en/smart-penny-loafers-p12611420.html,https://static.zara.net/assets/public/524b/9def/98714fd0902a/5f7bfa13a13b/12611420800-e1/12611420800-e1.jpg?ts=1722336244132&w=289,SMART PENNY LOAFERS,49.95 EUR,1
https://www.zara.com/de/en/chunky-sole-trainers-p12247420.html,https://static.zara.net/assets/public/527e/1efa/5c004ecdbd4c/13d130a8976e/12247422001-e1/12247422001-e1.jpg?ts=1722418298466&w=289,CHUNKY SOLE TRAINERS,39.95 EUR,1
https://www.zara.com/de/en/chunky-sole-trainers-p12247420.html,https://static.zara.net/assets/public/7c06/cdce/8a774c5b9313/ed1cc3edfc02/12247422800-e1/12247422800-e1.jpg?ts=1722418298427&w=289,CHUNKY SOLE TRAINERS,39.95 EUR,1
https://www.zara.com/de/en/comfort-fit-jogger-waist-trousers-p07484303.html,https://static.zara.net/assets/public/9695/7a86/c692407192b1/ae17568cafb3/07484303710-e1/07484303710-e1.jpg?ts=1725893341939&w=289,COMFORT FIT JOGGER WAIST TROUSERS,35.95 EUR,5
https://www.zara.com/de/en/comfort-fit-jogger-waist-trousers-p07484303.html,https://static.zara.net/assets/public/d0c0/01a6/0944418e8849/66167449edaf/07484303800-e1/07484303800-e1.jpg?ts=1725893344832&w=289,COMFORT FIT JOGGER WAIST TROUSERS,35.95 EUR,5
https://www.zara.com/de/en/comfort-fit-jogger-waist-trousers-p07484303.html,https://static.zara.net/assets/public/ae49/a4a5/3e5b44568ad6/c66068f9301b/07484303251-e1/07484303251-e1.jpg?ts=1725893338507&w=289,COMFORT FIT JOGGER WAIST TROUSERS,35.95 EUR,5
https://www.zara.com/de/en/comfort-fit-jogger-waist-trousers-p07484303.html,https://static.zara.net/assets/public/a052/3f9d/723145248263/31e7af1286f4/07484303507-e1/07484303507-e1.jpg?ts=1725893335299&w=289,COMFORT FIT JOGGER WAIST TROUSERS,35.95 EUR,5
https://www.zara.com/de/en/casual-trainers-p12301420.html,https://static.zara.net/assets/public/4498/931c/022945bdad7a/6a059785468e/12301420800-e1/12301420800-e1.jpg?ts=1722335097903&w=289,CASUAL TRAINERS,55.95 EUR,
https://www.zara.com/de/en/lightweight-puffer-gilet-p04302536.html,https://static.zara.net/assets/public/ba5d/15b3/238b4dfa8f9d/a29eff7c2dd0/04302536800-e1/04302536800-e1.jpg?ts=1725893324158&w=289,LIGHTWEIGHT PUFFER GILET,29.95 EUR,2
https://www.zara.com/de/en/lightweight-puffer-jacket-p08574765.html,https://static.zara.net/assets/public/2016/eb31/11b6400ea5d8/11dd1688755c/08574771800-e1/08574771800-e1.jpg?ts=1728638583445&w=289,LIGHTWEIGHT PUFFER JACKET,45.95 EUR,2
https://www.zara.com/de/en/lightweight-puffer-gilet-p04302536.html,https://static.zara.net/assets/public/b432/d1af/39ae4bb78f01/8044cc972b01/04302536401-e1/04302536401-e1.jpg?ts=1725893344949&w=289,LIGHTWEIGHT PUFFER GILET,29.95 EUR,2
https://www.zara.com/de/en/basic-quarter-zip-sweatshirt-p06462333.html,https://static.zara.net/assets/public/d26d/9320/a62748f59f73/43e8b0ec71c2/06462433800-e1/06462433800-e1.jpg?ts=1739197201844&w=289,BASIC QUARTER ZIP SWEATSHIRT,35.95 EUR,5
https://www.zara.com/de/en/basic-quarter-zip-sweatshirt-p06462333.html,https://static.zara.net/assets/public/5665/2d69/b481493d8351/ef5648cb3cc8/06462333251-e1/06462333251-e1.jpg?ts=1739197197802&w=289,BASIC QUARTER ZIP SWEATSHIRT,35.95 EUR,5
https://www.zara.com/de/en/easy-care-textured-shirt-p07545710.html,https://static.zara.net/assets/public/6b66/4436/904741bea632/57ff1dd39819/07545710800-e1/07545710800-e1.jpg?ts=1727178058469&w=289,EASY CARE TEXTURED SHIRT,29.95 EUR,4
https://www.zara.com/de/en/basic-leather-belt-p02823300.html,https://static.zara.net/assets/public/e5b4/78ac/2e6a4c55952c/2ac362b7dffc/02823300800-e1/02823300800-e1.jpg?ts=1724662466142&w=289,BASIC LEATHER BELT,29.95 EUR,1
https://www.zara.com/de/en/man-navy-black-zara-man-800-black-edt-2-x-90-ml---3-0%C2%A0oz-p20210838.html,https://static.zara.net/assets/public/6304/6914/0eaa465d8c2b/52e868ef4f43/20210838999-e1/20210838999-e1.jpg?ts=1724755268727&w=289,MAN NAVY BLACK + ZARA MAN 800 BLACK EDT 2 X 90 ML / 3.0OZ,19.95 EUR,
https://www.zara.com/de/en/faded-jogger-waist-trousers-p06786350.html,https://static.zara.net/assets/public/a84f/ea41/956848ecb2bf/7b969cd47a0c/06786350505-e1/06786350505-e1.jpg?ts=1725893314386&w=289,FADED JOGGER WAIST TROUSERS,29.95 EUR,6
https://www.zara.com/de/en/basic-trainers-p12218420.html,https://static.zara.net/assets/public/47b1/b101/4e574d319a65/1b0923d0b05c/12218420001-e1/12218420001-e1.jpg?ts=1722335090639&w=289,BASIC TRAINERS,29.95 EUR,1
https://www.zara.com/de/en/skinny-fit-chino-trousers-p06786405.html,https://static.zara.net/assets/public/3d1a/964c/389546a1811d/d59bbfee3044/06786405800-e1/06786405800-e1.jpg?ts=1739197175337&w=289,SKINNY FIT CHINO TROUSERS,29.95 EUR,6
https://www.zara.com/de/en/skinny-fit-chino-trousers-p06786405.html,https://static.zara.net/assets/public/731b/ec93/24694ba78b1a/f3d954cbb0eb/06786405401-e1/06786405401-e1.jpg?ts=1739197171392&w=289,SKINNY FIT CHINO TROUSERS,29.95 EUR,6
https://www.zara.com/de/en/skinny-fit-chino-trousers-p06786405.html,https://static.zara.net/assets/public/a212/481b/72ba49b19ad5/07ddeee963fd/06786405710-e1/06786405710-e1.jpg?ts=1739197172457&w=289,SKINNY FIT CHINO TROUSERS,29.95 EUR,6
https://www.zara.com/de/en/easy-care-jogger-waist-trousers-p00706870.html,https://static.zara.net/assets/public/050a/8ade/46e147fa9e4e/a72bac718185/00347468800-e1/00347468800-e1.jpg?ts=1725893311093&w=289,EASY CARE JOGGER WAIST TROUSERS,29.95 EUR,8
https://www.zara.com/de/en/easy-care-jogger-waist-trousers-p00706870.html,https://static.zara.net/assets/public/5899/cde6/97f24279a5c7/180145cf4ed3/00347468401-e1/00347468401-e1.jpg?ts=1725893312125&w=289,EASY CARE JOGGER WAIST TROUSERS,29.95 EUR,8
https://www.zara.com/de/en/easy-care-textured-shirt-p03090420.html,https://static.zara.net/assets/public/6227/db39/b9e343e3af6a/57c2cad74711/03090420250-e1/03090420250-e1.jpg?ts=1728910208670&w=289,EASY CARE TEXTURED SHIRT,29.95 EUR,2
https://www.zara.com/de/en/3-pack-of-basic-ribbed-socks-p03992304.html,https://static.zara.net/assets/public/f900/201d/6e1a411890cf/a794d8ce2d71/03992304250-e1/03992304250-e1.jpg?ts=1724671397673&w=289,3-PACK OF BASIC RIBBED SOCKS,12.95 EUR,1
https://www.zara.com/de/en/w-end-till-3-00-am-w-end-till-8-00-pm-edt-2-x-90ml---3-04-fl-oz-p20210772.html,https://static.zara.net/assets/public/031d/3222/159647fabcc3/c1459e084a45/20210772999-e1/20210772999-e1.jpg?ts=1724685067038&w=289,W/END TILL 3:00 AM + W/END TILL 8:00 PM EDT 2 X 90ML / 3.04 FL.OZ,19.95 EUR,
https://www.zara.com/de/en/navy-black-edt-90-ml---3-04%C2%A0oz-p20210753.html,https://static.zara.net/assets/public/55e7/d00b/81c64434ba69/6b30f1f8d349/20210753999-e1/20210753999-e1.jpg?ts=1724685070937&w=289,NAVY BLACK EDT 90 ML / 3.04OZ,15.95 EUR,
https://www.zara.com/de/en/rope-skate-trainers-p12245420.html,https://static.zara.net/assets/public/b226/9b08/c2a14cf6bbd3/85ce15b3dbf7/12245420800-e1/12245420800-e1.jpg?ts=1722335096628&w=289,ROPE SKATE TRAINERS,59.95 EUR,
https://www.zara.com/de/en/for-him-red-edition-intense-parfum-100-ml---3-38-oz-p20210733.html,https://static.zara.net/assets/public/11af/6cbf/1c5948d4a44f/005aa567d8c0/20210733999-e1/20210733999-e1.jpg?ts=1724685073252&w=289,FOR HIM RED EDITION INTENSE PARFUM 100 ML / 3.38 OZ,25.95 EUR,
https://www.zara.com/de/en/-tobacco-collection-infinite-rich-warm-edp-100-ml---3-38%C2%A0oz-p20210748.html,https://static.zara.net/assets/public/29e1/59ea/f729404983c7/f746fff1826f/20210748999-e1/20210748999-e1.jpg?ts=1724686798789&w=289,#TOBACCO COLLECTION INFINITE RICH WARM EDP 100 ML / 3.38OZ,19.95 EUR,
https://www.zara.com/de/en/textured-comfort-trousers-p00706648.html,https://static.zara.net/assets/public/58b2/81fb/a9ff403cbd84/0a8a8204ce87/05941648710-e1/05941648710-e1.jpg?ts=1724164353971&w=289,TEXTURED COMFORT TROUSERS,39.95 EUR,8
https://www.zara.com/de/en/textured-comfort-trousers-p00706648.html,https://static.zara.net/assets/public/6c73/f936/35e44c03bd02/15478e996416/05941648800-e1/05941648800-e1.jpg?ts=1724164351527&w=289,TEXTURED COMFORT TROUSERS,39.95 EUR,8
https://www.zara.com/de/en/easy-care-textured-shirt-p07545710.html,https://static.zara.net/assets/public/9a34/6555/7ba2422b9120/a0df31900431/07545710250-e1/07545710250-e1.jpg?ts=1727178054039&w=289,EASY CARE TEXTURED SHIRT,29.95 EUR,4
https://www.zara.com/de/en/basic-slim-fit-t-shirt-p05584361.html,https://static.zara.net/assets/public/efa3/a952/b15f45aba931/14b9517d1705/01887461250-e1/01887461250-e1.jpg?ts=1739262441992&w=289,BASIC SLIM FIT T-SHIRT,12.95 EUR,7
https://www.zara.com/de/en/basic-slim-fit-t-shirt-p05584361.html,https://static.zara.net/assets/public/0a70/b897/26984b009525/d53922208d22/05584361800-e1/05584361800-e1.jpg?ts=1739262450072&w=289,BASIC SLIM FIT T-SHIRT,12.95 EUR,7
https://www.zara.com/de/en/stretch-shirt-p04408147.html,https://static.zara.net/assets/public/83ad/9ba9/c03e44dd8139/d9ae8a124163/04408147250-e1/04408147250-e1.jpg?ts=1727178052973&w=289,STRETCH SHIRT,39.95 EUR,3
https://www.zara.com/de/en/sunrise-on-the-red-sand-dunes-edp-100ml---3-38%C2%A0oz-p20220240.html,https://static.zara.net/assets/public/8920/c622/18754788b68e/548e36c28574/20220240999-e1/20220240999-e1.jpg?ts=1724755223449&w=289,SUNRISE ON THE RED SAND DUNES EDP 100ML / 3.38OZ,22.95 EUR,
https://www.zara.com/de/en/comfort-suit-trousers-p01564301.html,https://static.zara.net/assets/public/4f29/cd65/7c9448d0a0b7/a3847cfc5cb8/01564301800-e1/01564301800-e1.jpg?ts=1723200206299&w=289,COMFORT SUIT TROUSERS,39.95 EUR,3
https://www.zara.com/de/en/stretch-shirt-p04408147.html,https://static.zara.net/assets/public/7fe1/7ebc/72734cc28ea8/16a185d5e750/04408147800-e1/04408147800-e1.jpg?ts=1727178054130&w=289,STRETCH SHIRT,39.95 EUR,3
https://www.zara.com/de/en/comfort-suit-trousers-p01564301.html,https://static.zara.net/assets/public/098f/29b2/d8fd41e5b3c0/ef09722d6957/01564301401-e1/01564301401-e1.jpg?ts=1723200237436&w=289,COMFORT SUIT TROUSERS,39.95 EUR,3
https://www.zara.com/de/en/comfort-fit-jogger-waist-trousers-p06861693.html,https://static.zara.net/assets/public/e034/c888/c8c0493084d0/ed1418feb9c1/05805623800-e1/05805623800-e1.jpg?ts=1723809546314&w=289,COMFORT FIT JOGGER WAIST TROUSERS,39.95 EUR,7
https://www.zara.com/de/en/basic-slim-fit-t-shirt-p05584361.html,https://static.zara.net/assets/public/fdb8/1a88/0e284a03af6e/733e8f176e5d/01887461401-e1/01887461401-e1.jpg?ts=1739262445718&w=289,BASIC SLIM FIT T-SHIRT,12.95 EUR,7
https://www.zara.com/de/en/green-savage-blue-spirit-edt-2-x-90-ml---3-17-oz-p20210755.html,https://static.zara.net/assets/public/3877/6efe/ef334174b044/b0eb30c93c89/20210755999-e1/20210755999-e1.jpg?ts=1724755242544&w=289,GREEN SAVAGE + BLUE SPIRIT EDT 2 X 90 ML / 3.17 OZ,19.95 EUR,
https://www.zara.com/de/en/absolutely-dark-edp-100-ml---3-38%C2%A0oz-p20220261.html,https://static.zara.net/assets/public/f659/84ad/d85c49b5be13/44141ba6813b/20220261999-e1/20220261999-e1.jpg?ts=1724684875106&w=289,ABSOLUTELY DARK EDP 100 ML / 3.38OZ,22.95 EUR,
https://www.zara.com/de/en/sand-desert-at-sunset-edp-100ml---3-38%C2%A0oz-p20220238.html,https://static.zara.net/assets/public/6b84/a6ab/d4da4a7a97d6/cb474422d9f0/20220238999-e1/20220238999-e1.jpg?ts=1724743347970&w=289,SAND DESERT AT SUNSET EDP 100ML / 3.38OZ,22.95 EUR,
https://www.zara.com/de/en/antique-brown-edp-100ml---3-38%C2%A0oz-p20220259.html,https://static.zara.net/assets/public/ddd4/6c56/4adf4b0da300/7e6f32058c8d/20220259999-e1/20220259999-e1.jpg?ts=1723015221209&w=289,ANTIQUE BROWN EDP 100ML / 3.38OZ,22.95 EUR,
https://www.zara.com/de/en/blue-spirit-edt-90-ml---3-04%C2%A0oz-p20210739.html,https://static.zara.net/assets/public/6ac4/8e02/e6ba47c0aeb8/adc1dcc1aaac/20210739999-e1/20210739999-e1.jpg?ts=1724689267811&w=289,BLUE SPIRIT EDT 90 ML / 3.04OZ,15.95 EUR,
https://www.zara.com/de/en/seoul-lisboa-edt-2-x-90-ml---3-38%C2%A0oz-p20210754.html,https://static.zara.net/assets/public/3522/fdc2/7fbd4929ba89/b800fb281af0/20210754999-e1/20210754999-e1.jpg?ts=1724755229742&w=289,SEOUL + LISBOA EDT 2 X 90 ML / 3.38OZ,19.95 EUR,
https://www.zara.com/de/en/for-him-black-edition-edt-100-ml---3-38%C2%A0oz-p20210477.html,https://static.zara.net/assets/public/7976/6d79/01a243fbaac0/72d3b92037d1/20210477999-000-e1/20210477999-000-e1.jpg?ts=1734523580978&w=289,FOR HIM BLACK EDITION EDT 100 ML / 3.38OZ,22.95 EUR,
https://www.zara.com/de/en/-tobacco-collection-intense-dark-exclusive-edp-100-ml---3-38%C2%A0oz-p20210473.html,https://static.zara.net/assets/public/33f9/1b56/fd0c4335abaf/73ab1d45e911/20210473999-e1/20210473999-e1.jpg?ts=1724686678371&w=289,#TOBACCO COLLECTION INTENSE DARK EXCLUSIVE EDP 100 ML / 3.38OZ,17.95 EUR,
https://www.zara.com/de/en/leather-dress-belt-p02823401.html,https://static.zara.net/assets/public/cbed/d5b1/c47047a88df1/2588fcb95365/02823401800-e1/02823401800-e1.jpg?ts=1724255383732&w=289,LEATHER DRESS BELT,29.95 EUR,1
https://www.zara.com/de/en/bogoss-vibrant-leather-edp-100-ml---3-38%C2%A0oz-p20210723.html,https://static.zara.net/assets/public/c175/827b/7b8d42d2a5dc/383ea530799e/20210723999-e1/20210723999-e1.jpg?ts=1724686797654&w=289,BOGOSS VIBRANT LEATHER EDP 100 ML / 3.38OZ,22.95 EUR,
https://www.zara.com/de/en/oud-vibrant-leather-edp-100-ml---3-38%C2%A0oz-p20210722.html,https://static.zara.net/assets/public/8fdc/59cf/361649b68c7d/81676898dd6d/20210722999-e1/20210722999-e1.jpg?ts=1724755171612&w=289,OUD VIBRANT LEATHER EDP 100 ML / 3.38OZ,22.95 EUR,
https://www.zara.com/de/en/night-pour-homme-ii-iii-edp-2-x-100ml---3-4-fl-oz---p20210624.html,https://static.zara.net/assets/public/2a2a/c88e/631d49a29a12/41db57932ed1/20210624999-e1/20210624999-e1.jpg?ts=1724686748200&w=289,NIGHT POUR HOMME II + III EDP 2 X 100ML ( 3.4 FL.OZ ),25.95 EUR,
https://www.zara.com/de/en/lisboa-edt-90-ml---3-04%C2%A0oz-p20210742.html,https://static.zara.net/assets/public/4f14/25f6/447a4978aba0/45d87202a9f2/20210742999-e1/20210742999-e1.jpg?ts=1724765327975&w=289,LISBOA EDT 90 ML / 3.04OZ,15.95 EUR,
https://www.zara.com/de/en/-tobacco-intense-dark-exclusive-rich-warm-addictive-edp-2-x-100-ml---2-x-3-38%C2%A0oz-p20210474.html,https://static.zara.net/assets/public/acf1/838d/444b4fe39150/d4d46d565f04/20210474999-e1/20210474999-e1.jpg?ts=1724686678658&w=289,#TOBACCO INTENSE DARK EXCLUSIVE + RICH WARM ADDICTIVE EDP 2 X 100 ML / 2 X 3.38OZ,25.95 EUR,
https://www.zara.com/de/en/silver-gold-edt-2-x-90-ml---3-04-oz-p20210769.html,https://static.zara.net/assets/public/8fae/a429/5b7347e08eaf/148562cbb98d/20210769999-e1/20210769999-e1.jpg?ts=1724755254071&w=289,SILVER + GOLD EDT 2 X 90 ML / 3.04 OZ,19.95 EUR,
https://www.zara.com/de/en/man-silver-blue-spirit-edt-2-x-90-ml---3-04%C2%A0oz-p20210768.html,https://static.zara.net/assets/public/a944/41f2/4cab433884c5/2672f2c13496/20210768999-e1/20210768999-e1.jpg?ts=1724689271598&w=289,MAN SILVER + BLUE SPIRIT EDT 2 X 90 ML / 3.04OZ,19.95 EUR,
https://www.zara.com/de/en/vibrant-leather-edp-100-ml---3-38%C2%A0oz-p20210721.html,https://static.zara.net/assets/public/43b7/2d45/8bf04f759fdf/abf2f635e472/20210721999-e1/20210721999-e1.jpg?ts=1724755184244&w=289,VIBRANT LEATHER EDP 100 ML / 3.38OZ,22.95 EUR,
https://www.zara.com/de/en/comfort-suit-trousers-p01564301.html,https://static.zara.net/assets/public/ea74/0b0a/8263417e8eb3/1b012e886495/01564301420-e1/01564301420-e1.jpg?ts=1723200209584&w=289,COMFORT SUIT TROUSERS,39.95 EUR,3
https://www.zara.com/de/en/-tobacco-collection-rich-warm-addictive-edt-100-ml---3-38%C2%A0oz-p20210472.html,https://static.zara.net/assets/public/7798/0c46/30104b54b300/4f5b93b1506d/20210472999-e1/20210472999-e1.jpg?ts=1724765335514&w=289,#TOBACCO COLLECTION RICH WARM ADDICTIVE EDT 100 ML / 3.38OZ,17.95 EUR,
https://www.zara.com/de/en/tender-amber-edp-100-ml---3-38%C2%A0oz-p20220257.html,https://static.zara.net/assets/public/ed20/91db/f85a43b28dfc/9911fa1bd616/20220257999-e1/20220257999-e1.jpg?ts=1724685019567&w=289,TENDER AMBER EDP 100 ML / 3.38OZ,22.95 EUR,
https://www.zara.com/de/en/night-pour-homme-ii-edp-100-ml---3-38%C2%A0oz-p20210547.html,https://static.zara.net/assets/public/5360/cce0/a86142ec9128/0d44b91bfa5f/20210547999-e1/20210547999-e1.jpg?ts=1724755157851&w=289,NIGHT POUR HOMME II EDP 100 ML / 3.38OZ,17.95 EUR,
https://www.zara.com/de/en/for-him-red-edition-edp-100-ml---3-38-oz-p20210479.html,https://static.zara.net/assets/public/72ff/0e70/4592487bb2bf/258052f1637d/20210479999-e1/20210479999-e1.jpg?ts=1724829988142&w=289,FOR HIM RED EDITION EDP 100 ML / 3.38 OZ,22.95 EUR,
https://www.zara.com/de/en/for-him-edt-100-ml---3-38%C2%A0oz-p20210476.html,https://static.zara.net/assets/public/c89f/959f/ddaf45eeb69c/d990949860a4/20210476999-e1/20210476999-e1.jpg?ts=1724686672342&w=289,FOR HIM EDT 100 ML / 3.38OZ,22.95 EUR,
https://www.zara.com/de/en/comfort-suit-blazer-p01564300.html,https://static.zara.net/assets/public/f530/ac59/b1f44ff2876c/9b060345008e/01564300800-e1/01564300800-e1.jpg?ts=1723200211123&w=289,COMFORT SUIT BLAZER,79.95 EUR,3
https://www.zara.com/de/en/comfort-suit-blazer-p01564300.html,https://static.zara.net/assets/public/220a/9c48/10114eea952c/d87ab9020a8d/01564300401-e1/01564300401-e1.jpg?ts=1722508890143&w=289,COMFORT SUIT BLAZER,79.95 EUR,3
https://www.zara.com/de/en/comfort-suit-blazer-p01564300.html,https://static.zara.net/assets/public/5eef/02db/ced74559a752/0493e0df1e9c/01564300420-e1/01564300420-e1.jpg?ts=1722508889836&w=289,COMFORT SUIT BLAZER,79.95 EUR,3
https://www.zara.com/de/en/slim-fit-comfort-trousers-p06861441.html,https://static.zara.net/assets/public/578d/11f2/9d8444a898aa/c67d24655c3f/06861441800-e1/06861441800-e1.jpg?ts=1739789686783&w=289,SLIM FIT COMFORT TROUSERS,39.95 EUR,6
https://www.zara.com/de/en/slim-fit-comfort-trousers-p06861441.html,https://static.zara.net/assets/public/4da1/b7df/c63345e796d9/6a3290668003/06861441401-e1/06861441401-e1.jpg?ts=1739789684136&w=289,SLIM FIT COMFORT TROUSERS,39.95 EUR,6
https://www.zara.com/de/en/slim-fit-comfort-trousers-p06861441.html,https://static.zara.net/assets/public/3d27/974d/e3a940faa023/e574a175acf9/06861441802-e1/06861441802-e1.jpg?ts=1739789688111&w=289,SLIM FIT COMFORT TROUSERS,39.95 EUR,6
https://www.zara.com/de/en/basic-regular-fit-t-shirt-p05584441.html,https://static.zara.net/assets/public/1ee0/5aa2/533740f98fc3/dd25ae6afc9d/05584441250-e1/05584441250-e1.jpg?ts=1739261519301&w=289,BASIC REGULAR FIT T-SHIRT,22.95 EUR,7
https://www.zara.com/de/en/basic-regular-fit-t-shirt-p05584441.html,https://static.zara.net/assets/public/515b/3d3c/fc454012aadb/afa1f090dcba/05584441800-e1/05584441800-e1.jpg?ts=1739261522213&w=289,BASIC REGULAR FIT T-SHIRT,22.95 EUR,7
https://www.zara.com/de/en/basic-medium-weight-t-shirt-p01887470.html,https://static.zara.net/assets/public/80ae/e696/66974cc39ea4/8533bc2c8756/01887470250-e1/01887470250-e1.jpg?ts=1739261515330&w=289,BASIC MEDIUM WEIGHT T-SHIRT,15.95 EUR,6
https://www.zara.com/de/en/basic-medium-weight-t-shirt-p01887470.html,https://static.zara.net/assets/public/f473/44c3/c6c649b58eb1/e4c21a3ff89f/01887470800-e1/01887470800-e1.jpg?ts=1739261515720&w=289,BASIC MEDIUM WEIGHT T-SHIRT,15.95 EUR,6
